,mean,epochs1,epochs2,epochs3,epochs4,epochs5,epochs6,epochs7,epochs8,epochs9,epochs10,epochs11,epochs12,epochs13,epochs14,epochs15,epochs16,epochs17,epochs18,epochs19,epochs20,epochs21,epochs22,epochs23,epochs24,epochs25,epochs26,epochs27,epochs28,epochs29,epochs30,epochs31,Alltime
0,3.1410659513165875,8.810262441635132,2.842251777648926,2.80728816986084,2.835613489151001,2.8302178382873535,2.824653148651123,2.8851115703582764,3.07798171043396,2.920116424560547,2.8898673057556152,3.0539052486419678,2.941300630569458,2.959048271179199,2.9022204875946045,3.054077386856079,2.9881603717803955,2.926255702972412,2.9597392082214355,3.0420053005218506,2.9228169918060303,2.97298002243042,2.9428350925445557,3.042180299758911,2.8794474601745605,2.9612338542938232,3.060645341873169,3.059925079345703,3.0336718559265137,2.9923036098480225,2.917212724685669,3.0377156734466553,97.63604164123535
