,mean,epochs1,epochs2,epochs3,epochs4,epochs5,epochs6,epochs7,epochs8,epochs9,epochs10,epochs11,epochs12,epochs13,epochs14,epochs15,epochs16,epochs17,epochs18,epochs19,epochs20,epochs21,epochs22,epochs23,epochs24,epochs25,epochs26,epochs27,epochs28,epochs29,epochs30,epochs31,Alltime
0,3.1550230979919434,8.604281425476074,2.833646774291992,3.002943277359009,2.8176145553588867,2.877932548522949,2.8492398262023926,3.170285701751709,2.937027931213379,2.9937753677368164,3.0323572158813477,2.9837517738342285,3.06463360786438,2.846536874771118,2.978567361831665,3.0397555828094482,2.975574254989624,2.9889984130859375,3.0146427154541016,2.8817412853240967,2.9664595127105713,2.9309818744659424,3.040983200073242,2.968824625015259,3.027921199798584,2.9980483055114746,2.9850034713745117,2.9945783615112305,2.9750590324401855,3.0326335430145264,2.9879934787750244,3.003922939300537,98.05271172523499
