,mean,epochs1,epochs2,epochs3,epochs4,epochs5,epochs6,epochs7,epochs8,epochs9,epochs10,epochs11,epochs12,epochs13,epochs14,epochs15,epochs16,epochs17,epochs18,epochs19,epochs20,epochs21,epochs22,epochs23,epochs24,epochs25,epochs26,epochs27,epochs28,epochs29,epochs30,epochs31,epochs32,epochs33,epochs34,epochs35,epochs36,epochs37,epochs38,epochs39,epochs40,epochs41,epochs42,epochs43,epochs44,epochs45,epochs46,epochs47,epochs48,epochs49,epochs50,epochs51,epochs52,epochs53,epochs54,epochs55,epochs56,epochs57,epochs58,epochs59,epochs60,epochs61,epochs62,epochs63,epochs64,epochs65,epochs66,epochs67,epochs68,epochs69,epochs70,epochs71,epochs72,epochs73,epochs74,epochs75,epochs76,epochs77,epochs78,epochs79,epochs80,epochs81,epochs82,epochs83,epochs84,epochs85,epochs86,Alltime
0,41.24797565715257,51.05462837219238,40.35410189628601,36.215330600738525,43.11406755447388,43.152416706085205,43.35675621032715,43.12930655479431,42.892189025878906,42.656872510910034,35.6700713634491,34.23715829849243,42.73101615905762,42.699496269226074,42.76940321922302,42.85071778297424,42.58591103553772,42.6295485496521,38.930718183517456,35.92766356468201,42.56163167953491,42.66508364677429,42.40614461898804,42.481075286865234,42.31600880622864,42.442899227142334,37.50973176956177,38.315521478652954,42.44975256919861,42.507861375808716,42.704813957214355,42.15057873725891,42.62436079978943,42.486167907714844,42.65635013580322,34.03956937789917,42.61240220069885,42.650272846221924,42.81230187416077,42.56342387199402,42.32391905784607,42.48062038421631,42.42365598678589,33.84535264968872,42.261430978775024,42.45691919326782,42.622482776641846,42.553080558776855,42.45117521286011,42.55228042602539,42.37962603569031,36.33221459388733,40.558701276779175,42.2620005607605,42.503169536590576,42.266027212142944,42.544737100601196,42.6922652721405,42.298144578933716,42.218897581100464,34.1433002948761,42.270793199539185,42.59082841873169,42.380393981933594,42.64731168746948,42.549150705337524,42.5944242477417,42.41970777511597,30.505021572113037,42.071062326431274,42.285598278045654,42.47442626953125,42.146188259124756,42.30923557281494,42.350313663482666,42.15786671638489,30.92046880722046,41.65724539756775,42.35739707946777,42.124109745025635,42.36331367492676,42.28622913360596,42.23692750930786,42.232205629348755,29.81161069869995,39.10738182067871,42.39336705207825,3549.075464963913
