,mean,epochs1,epochs2,epochs3,epochs4,epochs5,epochs6,epochs7,epochs8,epochs9,epochs10,epochs11,epochs12,epochs13,epochs14,epochs15,epochs16,epochs17,epochs18,epochs19,epochs20,epochs21,epochs22,epochs23,epochs24,epochs25,epochs26,epochs27,epochs28,epochs29,epochs30,epochs31,Alltime
0,3.2020161382613646,9.825913429260254,3.5901105403900146,2.9706296920776367,3.0807275772094727,3.125436305999756,3.0221543312072754,3.0227410793304443,3.054565668106079,2.9751219749450684,2.9021122455596924,3.00724196434021,2.9713218212127686,2.9890520572662354,3.082782745361328,2.9246621131896973,2.973736047744751,2.759920358657837,2.7545387744903564,2.8874733448028564,2.9212682247161865,2.9221348762512207,2.944662094116211,2.9228153228759766,2.957491159439087,2.909938097000122,2.9287374019622803,2.8659420013427734,2.994354248046875,3.0106844902038574,3.050964832305908,2.9132654666900635,99.53529834747314
