,mean,epochs1,epochs2,epochs3,epochs4,epochs5,epochs6,epochs7,epochs8,epochs9,epochs10,epochs11,epochs12,epochs13,epochs14,epochs15,epochs16,epochs17,epochs18,epochs19,epochs20,epochs21,epochs22,epochs23,epochs24,epochs25,epochs26,epochs27,epochs28,epochs29,epochs30,epochs31,epochs32,epochs33,epochs34,epochs35,epochs36,epochs37,epochs38,epochs39,epochs40,epochs41,epochs42,epochs43,epochs44,epochs45,epochs46,epochs47,epochs48,epochs49,epochs50,epochs51,epochs52,Alltime
0,42.11885877297475,51.852760314941406,44.04516530036926,43.85847187042236,43.41513133049011,43.2966833114624,37.77125334739685,38.11811304092407,44.433072090148926,44.48629093170166,44.222647190093994,44.145233154296875,44.07423639297485,44.39460611343384,31.192475080490112,43.25998401641846,43.31493282318115,43.24359369277954,43.14021039009094,43.44472670555115,43.03777313232422,43.05219888687134,26.266817808151245,43.64971947669983,44.19113564491272,44.257890939712524,44.288010358810425,44.156731367111206,44.017759799957275,39.55587601661682,33.41387891769409,43.20050024986267,44.19224262237549,42.898242473602295,42.93092584609985,43.35222601890564,42.704659938812256,40.973618268966675,31.189290523529053,42.20544505119324,42.748531341552734,43.36875629425049,42.81820559501648,43.2942681312561,42.76694464683533,43.55210828781128,34.45022678375244,43.201608180999756,43.31589126586914,42.74822759628296,43.24985599517822,43.021350383758545,42.40015125274658,2191.269549846649
