,mean,epochs1,epochs2,epochs3,epochs4,epochs5,epochs6,epochs7,epochs8,epochs9,epochs10,epochs11,epochs12,epochs13,epochs14,epochs15,epochs16,epochs17,epochs18,epochs19,epochs20,epochs21,epochs22,epochs23,epochs24,epochs25,epochs26,epochs27,epochs28,epochs29,epochs30,epochs31,Alltime
0,3.2679174715472805,8.947941780090332,2.872713327407837,2.8069944381713867,2.805492877960205,2.884862184524536,2.8823137283325195,3.32517409324646,2.897416591644287,2.904059648513794,2.8902194499969482,3.064643144607544,3.0496597290039062,2.9503941535949707,3.015944242477417,3.035220146179199,3.321119546890259,3.4950673580169678,3.5099048614501953,3.437351942062378,3.3512566089630127,3.434576988220215,3.3731167316436768,3.0668110847473145,3.0263478755950928,2.9975574016571045,3.031128168106079,2.9784607887268066,3.0287911891937256,2.9488720893859863,3.0354807376861572,2.9365487098693848,101.5631275177002
