,mean,epochs1,epochs2,epochs3,epochs4,epochs5,epochs6,epochs7,epochs8,epochs9,epochs10,epochs11,epochs12,epochs13,epochs14,epochs15,epochs16,epochs17,epochs18,epochs19,epochs20,epochs21,epochs22,epochs23,epochs24,epochs25,epochs26,epochs27,epochs28,epochs29,epochs30,epochs31,epochs32,epochs33,epochs34,Alltime
0,3.33549299660851,8.97320294380188,2.961005210876465,2.9986941814422607,3.0819976329803467,3.031980037689209,3.7017266750335693,3.347379684448242,3.5197370052337646,3.4799859523773193,3.4838740825653076,3.687560558319092,3.4563887119293213,3.12032413482666,3.1324405670166016,3.2027170658111572,2.992154359817505,3.0412120819091797,3.012406826019287,3.093179941177368,3.0526490211486816,3.0671303272247314,2.9970176219940186,3.1277012825012207,3.066532611846924,3.058830499649048,3.0762007236480713,3.082094192504883,2.9469802379608154,3.135897397994995,3.0520365238189697,3.0954325199127197,3.118610143661499,3.0985000133514404,3.1131811141967773,113.68829703330994
