,mean,epochs1,epochs2,epochs3,epochs4,epochs5,epochs6,epochs7,epochs8,epochs9,epochs10,epochs11,epochs12,epochs13,epochs14,epochs15,epochs16,epochs17,epochs18,epochs19,epochs20,epochs21,epochs22,epochs23,epochs24,epochs25,epochs26,epochs27,epochs28,epochs29,epochs30,epochs31,epochs32,epochs33,epochs34,epochs35,epochs36,epochs37,epochs38,epochs39,epochs40,epochs41,epochs42,epochs43,epochs44,epochs45,epochs46,epochs47,epochs48,epochs49,epochs50,Alltime
0,23.00712772369385,29.473311185836792,23.43466091156006,23.23354959487915,23.154497385025024,23.246169805526733,23.05300283432007,23.078197240829468,23.11039090156555,23.15286946296692,23.306864738464355,22.91255211830139,22.879042863845825,23.008613109588623,23.05245089530945,22.63736605644226,22.77004647254944,23.00280261039734,22.817403316497803,22.743025064468384,22.764305353164673,22.88790464401245,22.68074107170105,22.682002305984497,22.99905014038086,22.82706332206726,22.784183025360107,22.861743927001953,22.699135065078735,22.684637784957886,22.644535541534424,22.874426126480103,22.73938226699829,22.921508073806763,22.74724817276001,22.793349742889404,22.871010541915894,22.966609001159668,22.709872007369995,22.794591426849365,22.800268411636353,22.701253414154053,22.96798086166382,22.68609094619751,22.644933938980103,22.75930094718933,22.798466205596924,22.695615530014038,22.90512728691101,22.717371702194214,22.679860830307007,1150.6911342144012
