,mean,epochs1,epochs2,epochs3,epochs4,epochs5,epochs6,epochs7,epochs8,epochs9,epochs10,epochs11,epochs12,epochs13,epochs14,epochs15,epochs16,epochs17,epochs18,epochs19,epochs20,epochs21,epochs22,epochs23,epochs24,epochs25,epochs26,epochs27,epochs28,epochs29,epochs30,epochs31,epochs32,epochs33,epochs34,epochs35,epochs36,epochs37,epochs38,epochs39,epochs40,epochs41,epochs42,epochs43,epochs44,epochs45,epochs46,epochs47,epochs48,epochs49,epochs50,epochs51,epochs52,epochs53,epochs54,epochs55,Alltime
0,41.20856562527743,51.905935764312744,37.15654134750366,42.3753399848938,42.353947162628174,42.5614287853241,42.586610317230225,42.16914176940918,42.50996375083923,33.1119749546051,41.93705749511719,42.19913077354431,42.48040437698364,42.22796010971069,42.13691282272339,42.313414096832275,40.45558404922485,34.188979148864746,42.178977251052856,42.4263072013855,42.02677083015442,42.0743453502655,42.23768901824951,41.9933922290802,38.21540355682373,37.20944094657898,42.056880712509155,41.99816608428955,42.136807680130005,41.95979285240173,42.09347581863403,42.022037744522095,36.73270630836487,38.321807861328125,42.029382944107056,41.7676477432251,42.2505886554718,42.159685373306274,42.126879930496216,42.33730721473694,34.29911422729492,40.82604384422302,42.086134910583496,42.37950587272644,41.92394399642944,42.2058482170105,42.1175274848938,42.238786935806274,32.334505796432495,41.512534379959106,41.910964250564575,41.98623037338257,41.96847677230835,41.70225214958191,41.911816120147705,42.04160404205322,2267.6169049739838
