,mean,epochs1,epochs2,epochs3,epochs4,epochs5,epochs6,epochs7,epochs8,epochs9,epochs10,epochs11,epochs12,epochs13,epochs14,epochs15,epochs16,epochs17,epochs18,epochs19,epochs20,epochs21,epochs22,epochs23,epochs24,epochs25,epochs26,epochs27,epochs28,epochs29,epochs30,epochs31,Alltime
0,3.219036856005269,8.977580308914185,2.980637311935425,3.076502561569214,3.1859681606292725,3.0252342224121094,2.9371273517608643,2.956597089767456,3.0625433921813965,2.971647024154663,3.0658862590789795,3.0946528911590576,3.058990478515625,2.8517656326293945,2.9251813888549805,2.904151201248169,3.022091865539551,3.1171481609344482,2.9870364665985107,3.095520496368408,3.0886950492858887,3.0145583152770996,3.0651895999908447,2.883134365081787,3.142843008041382,3.0107851028442383,3.081954002380371,3.0722434520721436,3.110421895980835,3.0311379432678223,3.0596728324890137,2.9332447052001953,100.03677821159363
