,mean,epochs1,epochs2,epochs3,epochs4,epochs5,epochs6,epochs7,epochs8,epochs9,epochs10,epochs11,epochs12,epochs13,epochs14,epochs15,epochs16,epochs17,epochs18,epochs19,epochs20,epochs21,epochs22,epochs23,epochs24,epochs25,epochs26,epochs27,epochs28,epochs29,epochs30,epochs31,epochs32,epochs33,Alltime
0,3.264985041184859,9.47493577003479,2.9664146900177,2.9486658573150635,2.8884756565093994,2.8714866638183594,2.8917055130004883,2.9375452995300293,2.93533992767334,3.009955883026123,2.900073528289795,2.9421067237854004,2.8354711532592773,2.9988324642181396,3.1013777256011963,3.0747199058532715,2.970672845840454,3.1187527179718018,3.0497612953186035,2.940966844558716,3.0100619792938232,3.028806447982788,3.038677930831909,3.0501413345336914,3.387450695037842,3.5685625076293945,3.4775757789611816,3.4577136039733887,3.370073080062866,3.437983274459839,2.9401307106018066,3.068826913833618,2.978943347930908,3.072298288345337,108.01590538024902
