,mean,epochs1,epochs2,epochs3,epochs4,epochs5,epochs6,epochs7,epochs8,epochs9,epochs10,epochs11,epochs12,epochs13,epochs14,epochs15,epochs16,epochs17,epochs18,epochs19,epochs20,epochs21,epochs22,epochs23,epochs24,epochs25,epochs26,epochs27,epochs28,epochs29,epochs30,epochs31,epochs32,epochs33,epochs34,epochs35,epochs36,epochs37,epochs38,epochs39,epochs40,epochs41,epochs42,epochs43,epochs44,epochs45,epochs46,epochs47,epochs48,epochs49,epochs50,epochs51,epochs52,epochs53,epochs54,epochs55,epochs56,epochs57,epochs58,Alltime
0,23.708421678378663,32.24058175086975,24.014015436172485,23.599040031433105,23.78980278968811,23.85724925994873,23.220762968063354,24.754743576049805,23.66176748275757,23.61406397819519,24.040279626846313,23.176660537719727,23.617167711257935,24.52744746208191,23.49415421485901,23.528698682785034,23.48561191558838,23.37381148338318,23.597424268722534,23.173818826675415,23.37732696533203,23.682640552520752,23.106450080871582,23.819810390472412,23.353814125061035,23.798656940460205,23.550788164138794,23.531358242034912,23.808120250701904,23.80581498146057,23.41715693473816,24.18324041366577,23.110994577407837,23.682332754135132,23.391595125198364,23.42370343208313,23.711334943771362,23.558820724487305,23.15498185157776,24.358209371566772,23.166585683822632,23.362218379974365,23.378000497817993,23.441542148590088,23.416943550109863,23.40764856338501,23.2286057472229,23.519791841506958,23.223186492919922,24.090667724609375,23.26874542236328,23.26819348335266,23.473659992218018,23.31535029411316,23.71043848991394,23.187264680862427,23.367107391357422,23.482927799224854,23.18532633781433,1375.482706785202
