,mean,epochs1,epochs2,epochs3,epochs4,epochs5,epochs6,epochs7,epochs8,epochs9,epochs10,epochs11,epochs12,epochs13,epochs14,epochs15,epochs16,epochs17,epochs18,epochs19,epochs20,epochs21,epochs22,epochs23,epochs24,epochs25,epochs26,epochs27,epochs28,epochs29,epochs30,epochs31,epochs32,epochs33,epochs34,epochs35,epochs36,epochs37,epochs38,epochs39,epochs40,epochs41,epochs42,epochs43,epochs44,epochs45,epochs46,epochs47,epochs48,epochs49,epochs50,epochs51,epochs52,epochs53,epochs54,epochs55,epochs56,epochs57,epochs58,epochs59,epochs60,epochs61,epochs62,epochs63,Alltime
0,41.03790939421881,49.534260988235474,42.02961182594299,42.06980586051941,42.075587034225464,42.6453812122345,41.06058645248413,39.077961683273315,42.01592230796814,41.95505428314209,42.59688878059387,42.30278253555298,42.451841592788696,36.4927875995636,42.598151206970215,42.49261975288391,42.91746497154236,42.77725648880005,42.36732625961304,38.82340908050537,26.18045425415039,42.589062452316284,42.850539684295654,43.39826822280884,43.19312834739685,43.2890419960022,43.25832915306091,43.07130479812622,33.996647357940674,30.750235557556152,43.020230293273926,43.09878325462341,43.03310799598694,43.40679478645325,43.181193590164185,43.10685706138611,42.863621950149536,29.160406589508057,36.51567244529724,42.8760302066803,43.101805448532104,43.07756519317627,42.67643404006958,43.048720359802246,43.099358558654785,42.77529501914978,25.602518796920776,40.33405041694641,43.047605991363525,43.071388244628906,43.16240644454956,43.02008867263794,43.12411689758301,43.01901865005493,39.56773567199707,26.0143883228302,42.66692566871643,42.5292329788208,42.86819386482239,42.463608741760254,42.560397148132324,42.81215286254883,42.88140940666199,37.73946452140808,2587.9236755371094
