,mean,epochs1,epochs2,epochs3,epochs4,epochs5,epochs6,epochs7,epochs8,epochs9,epochs10,epochs11,epochs12,epochs13,epochs14,epochs15,epochs16,epochs17,epochs18,epochs19,epochs20,epochs21,epochs22,epochs23,epochs24,epochs25,epochs26,epochs27,epochs28,epochs29,epochs30,epochs31,epochs32,epochs33,epochs34,epochs35,epochs36,epochs37,epochs38,epochs39,epochs40,epochs41,epochs42,epochs43,epochs44,epochs45,epochs46,epochs47,epochs48,epochs49,epochs50,epochs51,epochs52,epochs53,epochs54,epochs55,epochs56,epochs57,epochs58,epochs59,epochs60,epochs61,epochs62,epochs63,epochs64,epochs65,epochs66,epochs67,epochs68,epochs69,epochs70,epochs71,epochs72,epochs73,epochs74,epochs75,epochs76,epochs77,epochs78,epochs79,epochs80,epochs81,epochs82,epochs83,epochs84,Alltime
0,23.592852178074065,31.624842643737793,23.823184490203857,23.735373973846436,23.68494701385498,23.90754747390747,23.604815006256104,23.63595151901245,23.809468030929565,23.66685199737549,23.348530292510986,23.660487174987793,23.272761821746826,24.014760971069336,23.377098321914673,23.183152675628662,23.646029949188232,23.41763186454773,23.726718425750732,23.567063093185425,23.677894830703735,23.87685489654541,23.269127130508423,23.155322313308716,23.402169466018677,23.283910512924194,23.495001792907715,23.49786925315857,23.14239192008972,24.10960340499878,23.254237413406372,23.278188943862915,24.480883359909058,23.616543531417847,23.061707496643066,23.280606985092163,23.285857439041138,23.375937700271606,23.093048334121704,23.1761794090271,23.627843379974365,23.22765874862671,23.082053184509277,23.53558373451233,23.44674253463745,23.91143274307251,23.54898452758789,23.084889888763428,24.219233989715576,23.009778022766113,23.19117045402527,23.449585437774658,23.265368461608887,24.205554962158203,23.088635206222534,23.460019826889038,24.0959050655365,22.983723163604736,23.342863082885742,23.56399154663086,23.08341145515442,23.420788049697876,22.882855653762817,23.391201734542847,24.29836416244507,23.57463765144348,23.01243305206299,24.37568998336792,22.990921020507812,23.58271622657776,23.994683742523193,23.116810083389282,23.528226375579834,24.439709186553955,22.93663001060486,23.213801860809326,23.602042198181152,23.021368980407715,23.98459005355835,23.316160202026367,23.237205505371094,24.169720888137817,22.989904165267944,23.224438428878784,23.54970145225525,1982.3405592441559
