,mean,epochs1,epochs2,epochs3,epochs4,epochs5,epochs6,epochs7,epochs8,epochs9,epochs10,epochs11,epochs12,epochs13,epochs14,epochs15,epochs16,epochs17,epochs18,epochs19,epochs20,epochs21,epochs22,epochs23,epochs24,epochs25,epochs26,epochs27,epochs28,epochs29,epochs30,epochs31,epochs32,epochs33,epochs34,epochs35,epochs36,epochs37,epochs38,epochs39,epochs40,epochs41,epochs42,epochs43,epochs44,epochs45,epochs46,epochs47,epochs48,epochs49,epochs50,epochs51,epochs52,epochs53,epochs54,epochs55,epochs56,epochs57,epochs58,epochs59,epochs60,epochs61,epochs62,epochs63,epochs64,epochs65,epochs66,epochs67,epochs68,epochs69,epochs70,epochs71,epochs72,epochs73,epochs74,epochs75,epochs76,epochs77,epochs78,epochs79,epochs80,epochs81,Alltime
0,23.757420813595807,30.444058179855347,23.426610231399536,23.71376609802246,24.555700302124023,24.2655827999115,24.38774037361145,24.238966703414917,24.026017665863037,24.180286407470703,24.133098602294922,23.84720206260681,23.84969711303711,23.807109594345093,23.776928424835205,23.70564913749695,23.829640865325928,23.745585441589355,23.87087321281433,23.75455141067505,23.741948127746582,23.651575565338135,23.68869137763977,23.678995370864868,23.877599954605103,23.41405963897705,23.700828313827515,23.755638599395752,23.39806079864502,23.695817708969116,23.677987813949585,23.68944549560547,23.711536169052124,23.653833150863647,23.689512729644775,23.372493267059326,23.58412194252014,23.487534999847412,23.700758457183838,23.60974359512329,23.606333017349243,23.78324007987976,23.701530933380127,23.61623525619507,23.520156621932983,23.651475191116333,23.39476203918457,23.598493337631226,23.49298405647278,23.489330530166626,23.47095489501953,23.50219202041626,23.69039511680603,23.488712549209595,23.681751251220703,23.5073401927948,23.648607969284058,23.377472162246704,23.665287971496582,23.419201612472534,23.725188493728638,23.634950637817383,23.573925495147705,23.56321406364441,23.642119884490967,23.569624662399292,23.62442135810852,23.43121337890625,23.658287286758423,23.375123023986816,23.70759153366089,23.399473667144775,23.649625778198242,23.445905923843384,23.6404390335083,23.65200448036194,23.47683358192444,23.572057008743286,23.640329360961914,23.593562126159668,23.554134368896484,23.575356245040894,1924.852870464325
