,mean,epochs1,epochs2,epochs3,epochs4,epochs5,epochs6,epochs7,epochs8,epochs9,epochs10,epochs11,epochs12,epochs13,epochs14,epochs15,epochs16,epochs17,epochs18,epochs19,epochs20,epochs21,epochs22,epochs23,epochs24,epochs25,epochs26,epochs27,epochs28,epochs29,epochs30,epochs31,epochs32,epochs33,epochs34,epochs35,epochs36,epochs37,epochs38,epochs39,epochs40,epochs41,epochs42,epochs43,epochs44,epochs45,epochs46,epochs47,epochs48,epochs49,epochs50,epochs51,epochs52,Alltime
0,23.078229230183823,29.227813720703125,23.369627475738525,23.51155948638916,23.38097620010376,23.430476427078247,22.99278235435486,22.97800374031067,22.899187803268433,23.120400190353394,23.079984426498413,23.151511192321777,22.862053632736206,22.853840589523315,22.987162113189697,22.992738246917725,22.80524706840515,22.959869623184204,23.078679084777832,22.936793565750122,23.114315271377563,23.06548261642456,22.82610273361206,22.962274312973022,23.035190105438232,22.753758907318115,22.71932291984558,23.03295922279358,23.070170402526855,22.823063611984253,22.93761706352234,22.833447217941284,22.98741102218628,22.79514479637146,22.96796417236328,22.969541788101196,22.757243871688843,22.772266149520874,23.063064336776733,22.707822799682617,22.75360894203186,22.86540126800537,22.699522256851196,22.848715782165527,22.82993721961975,22.73672127723694,23.039464950561523,22.709412336349487,22.886512756347656,22.957358598709106,22.983113288879395,22.8447687625885,23.100512266159058,1200.3878934383392
