,mean,epochs1,epochs2,epochs3,epochs4,epochs5,epochs6,epochs7,epochs8,epochs9,epochs10,epochs11,epochs12,epochs13,epochs14,epochs15,epochs16,epochs17,epochs18,epochs19,epochs20,epochs21,epochs22,epochs23,epochs24,epochs25,epochs26,epochs27,epochs28,epochs29,epochs30,epochs31,epochs32,epochs33,epochs34,epochs35,epochs36,epochs37,epochs38,epochs39,epochs40,epochs41,epochs42,epochs43,epochs44,epochs45,epochs46,epochs47,epochs48,epochs49,epochs50,epochs51,epochs52,Alltime
0,3.1674237893177914,9.429248332977295,2.877091884613037,2.82893443107605,2.8837878704071045,2.9412307739257812,3.238797903060913,2.9625356197357178,2.994234085083008,2.9330811500549316,3.180858850479126,3.0300729274749756,3.1886889934539795,3.47399640083313,3.4916887283325195,3.3443236351013184,3.463663339614868,3.27138614654541,3.2645115852355957,2.986987352371216,2.94397234916687,3.0251858234405518,3.084810256958008,2.999121904373169,3.041506767272949,3.0381710529327393,2.9202053546905518,3.0352489948272705,2.959876298904419,3.0435879230499268,2.997530221939087,3.04933500289917,3.0170209407806396,3.0630271434783936,3.005028486251831,2.9677891731262207,2.8468873500823975,3.055183172225952,3.0113487243652344,3.025595188140869,3.043405055999756,3.029151678085327,2.949716091156006,2.9921324253082275,2.98363995552063,3.020480155944824,2.8844358921051025,2.9483749866485596,3.0373716354370117,3.013653039932251,2.9582619667053223,3.0089762210845947,2.9208858013153076,165.12164068222046
