,mean,epochs1,epochs2,epochs3,epochs4,epochs5,epochs6,epochs7,epochs8,epochs9,epochs10,epochs11,epochs12,epochs13,epochs14,epochs15,epochs16,epochs17,epochs18,epochs19,epochs20,epochs21,epochs22,epochs23,epochs24,epochs25,epochs26,epochs27,epochs28,epochs29,epochs30,epochs31,Alltime
0,3.1984708155355146,8.58948278427124,2.822561264038086,2.8966760635375977,2.89874529838562,2.9301295280456543,2.9233946800231934,2.955220937728882,2.9369571208953857,3.104545831680298,2.868515729904175,2.9300131797790527,3.1082422733306885,3.1179494857788086,3.1185591220855713,3.0850777626037598,3.0007693767547607,3.042132616043091,3.049321413040161,3.0069823265075684,3.084216594696045,3.015307664871216,3.0871455669403076,3.0546512603759766,3.0926055908203125,2.964033365249634,2.971216917037964,3.024644136428833,2.984052896499634,2.9787886142730713,3.0533456802368164,3.457310199737549,99.4122462272644
