,mean,epochs1,epochs2,epochs3,epochs4,epochs5,epochs6,epochs7,epochs8,epochs9,epochs10,epochs11,epochs12,epochs13,epochs14,epochs15,epochs16,epochs17,epochs18,epochs19,epochs20,epochs21,epochs22,epochs23,epochs24,epochs25,epochs26,epochs27,epochs28,epochs29,epochs30,epochs31,Alltime
0,3.1952314299921833,9.239697933197021,3.0748581886291504,2.9309799671173096,2.7561638355255127,2.7887024879455566,2.980808973312378,2.97489857673645,3.0087292194366455,2.930016279220581,3.0390210151672363,2.9959564208984375,2.9778406620025635,2.9737935066223145,2.9982824325561523,3.028632879257202,2.9616382122039795,3.0472726821899414,3.0147571563720703,2.907787322998047,3.068711042404175,2.9970908164978027,3.040395498275757,3.089782953262329,3.026074171066284,3.038936138153076,3.074021100997925,3.010349750518799,3.002501964569092,3.036313056945801,2.9769439697265625,3.061216115951538,99.29842925071716
