,mean,epochs1,epochs2,epochs3,epochs4,epochs5,epochs6,epochs7,epochs8,epochs9,epochs10,epochs11,epochs12,epochs13,epochs14,epochs15,epochs16,epochs17,epochs18,epochs19,epochs20,epochs21,epochs22,epochs23,epochs24,epochs25,epochs26,epochs27,epochs28,epochs29,epochs30,epochs31,epochs32,epochs33,epochs34,epochs35,epochs36,epochs37,epochs38,epochs39,epochs40,epochs41,epochs42,epochs43,epochs44,epochs45,epochs46,epochs47,epochs48,epochs49,epochs50,epochs51,epochs52,epochs53,epochs54,epochs55,epochs56,epochs57,epochs58,epochs59,epochs60,epochs61,epochs62,epochs63,epochs64,epochs65,epochs66,epochs67,epochs68,epochs69,epochs70,Alltime
0,23.81721772466387,30.907573223114014,24.31706404685974,24.490165948867798,24.178220510482788,24.341596841812134,24.04912304878235,24.67586922645569,24.302093267440796,24.218546628952026,24.223024129867554,24.320101976394653,23.761399745941162,23.693958520889282,24.433454275131226,23.60747766494751,24.116502046585083,23.7018404006958,23.20395302772522,23.548816680908203,24.38916850090027,23.2447030544281,23.742109060287476,24.329710006713867,23.34849500656128,23.70869016647339,24.491164684295654,23.19581651687622,23.586456060409546,23.594921588897705,23.231682538986206,23.71157932281494,23.57972502708435,23.553266048431396,24.31728506088257,23.175944328308105,23.7545747756958,24.566317558288574,23.406405448913574,23.672595262527466,23.52810764312744,23.214989185333252,23.560585975646973,23.3782057762146,23.642138957977295,23.533527374267578,23.3132746219635,23.67428469657898,23.243628978729248,23.302053451538086,23.345658779144287,23.501734018325806,23.52428913116455,23.17461919784546,23.338701248168945,23.73360538482666,23.38558030128479,23.843005657196045,23.335814237594604,23.71081042289734,24.53886318206787,23.267937898635864,23.60093331336975,23.636281490325928,23.257264137268066,23.574544429779053,23.34575629234314,23.64319920539856,23.49016571044922,23.189727306365967,23.684561491012573,1667.6996431350708
