,mean,epochs1,epochs2,epochs3,epochs4,epochs5,epochs6,epochs7,epochs8,epochs9,epochs10,epochs11,epochs12,epochs13,epochs14,epochs15,epochs16,epochs17,epochs18,epochs19,epochs20,epochs21,epochs22,epochs23,epochs24,epochs25,epochs26,epochs27,epochs28,epochs29,epochs30,epochs31,epochs32,epochs33,epochs34,epochs35,epochs36,epochs37,epochs38,epochs39,epochs40,epochs41,epochs42,epochs43,epochs44,epochs45,epochs46,epochs47,epochs48,epochs49,epochs50,epochs51,epochs52,epochs53,epochs54,epochs55,epochs56,epochs57,epochs58,epochs59,epochs60,epochs61,epochs62,epochs63,epochs64,epochs65,epochs66,epochs67,epochs68,epochs69,Alltime
0,23.738335595614668,32.36790156364441,24.102134943008423,24.317168951034546,23.986227989196777,24.640057802200317,23.882728815078735,23.48314356803894,24.183138847351074,24.122568368911743,23.87330722808838,23.62222456932068,24.0991427898407,23.537349462509155,23.367330074310303,23.60848069190979,23.469241619110107,24.550965309143066,23.40195369720459,23.43526554107666,24.494537591934204,23.50750732421875,23.323026418685913,24.68585777282715,23.157864093780518,23.156269311904907,23.98840069770813,23.092302799224854,23.628652095794678,23.72739815711975,23.297813892364502,24.349323511123657,23.820827960968018,23.168189525604248,24.5156147480011,23.274543046951294,23.292985916137695,23.639413595199585,23.46999955177307,23.68166184425354,23.333956480026245,23.273698091506958,23.377614498138428,23.40279269218445,23.94533061981201,23.228805541992188,23.44976305961609,23.44935154914856,23.27199125289917,23.738914489746094,23.259711027145386,23.525480031967163,23.55651545524597,23.373455286026,23.332023859024048,23.2168288230896,23.129045963287354,23.39187479019165,23.380435943603516,23.555970907211304,23.161604404449463,23.411228895187378,23.348745584487915,23.430529356002808,23.569286108016968,23.277400255203247,23.439862728118896,23.485124349594116,23.243438243865967,24.061854124069214,1638.4182238578796
