,mean,epochs1,epochs2,epochs3,epochs4,epochs5,epochs6,epochs7,epochs8,epochs9,epochs10,epochs11,epochs12,epochs13,epochs14,epochs15,epochs16,epochs17,epochs18,epochs19,epochs20,epochs21,epochs22,epochs23,epochs24,epochs25,epochs26,epochs27,epochs28,epochs29,epochs30,epochs31,Alltime
0,3.2791518395946873,8.952664136886597,2.83860445022583,2.8449032306671143,2.8138699531555176,2.873021364212036,2.8989548683166504,3.079190969467163,2.9404618740081787,2.900775909423828,2.918823003768921,2.9731297492980957,2.969085693359375,3.037755012512207,3.0151264667510986,2.971817970275879,2.949657678604126,2.9367339611053467,4.679446220397949,2.9665472507476807,3.000070333480835,3.411630153656006,3.2939233779907227,3.643251895904541,3.2491040229797363,3.292680025100708,3.4228837490081787,3.049126148223877,2.8831822872161865,2.9508304595947266,2.8886513710021973,3.007803440093994,101.91158056259155
