,mean,epochs1,epochs2,epochs3,epochs4,epochs5,epochs6,epochs7,epochs8,epochs9,epochs10,epochs11,epochs12,epochs13,epochs14,epochs15,epochs16,epochs17,epochs18,epochs19,epochs20,epochs21,epochs22,epochs23,epochs24,epochs25,epochs26,epochs27,epochs28,epochs29,epochs30,epochs31,epochs32,epochs33,epochs34,epochs35,Alltime
0,3.2866387912205286,9.019336938858032,2.980518102645874,2.895887613296509,2.9711320400238037,2.9767000675201416,3.2318942546844482,3.030440330505371,3.0992226600646973,3.113468647003174,3.0450026988983154,3.101548433303833,3.328151226043701,3.431689739227295,3.5517592430114746,3.3915610313415527,3.511021137237549,3.554711103439331,3.1891162395477295,3.060459852218628,3.1519880294799805,2.9206295013427734,3.088336944580078,2.9548141956329346,3.0131847858428955,3.0110137462615967,2.9738447666168213,3.0810306072235107,3.0720226764678955,3.048614501953125,2.9960546493530273,3.0351827144622803,2.98952317237854,3.0934088230133057,3.073410749435425,3.0456764698028564,115.31458783149719
