,mean,epochs1,epochs2,epochs3,epochs4,epochs5,epochs6,epochs7,epochs8,epochs9,epochs10,epochs11,epochs12,epochs13,epochs14,epochs15,epochs16,epochs17,epochs18,epochs19,epochs20,epochs21,epochs22,epochs23,epochs24,epochs25,epochs26,epochs27,epochs28,epochs29,epochs30,epochs31,epochs32,epochs33,epochs34,epochs35,epochs36,epochs37,epochs38,epochs39,epochs40,epochs41,Alltime
0,3.2860709574164413,9.088933944702148,3.163235902786255,3.034641981124878,3.0547142028808594,3.0082807540893555,3.1053805351257324,3.140033721923828,2.9869115352630615,3.144015312194824,3.0941386222839355,3.1435985565185547,3.1134395599365234,3.078054428100586,3.1038811206817627,3.1135573387145996,2.9995243549346924,2.959475040435791,3.060961961746216,3.0756382942199707,3.1043334007263184,3.0759963989257812,3.1183865070343018,3.0714869499206543,2.9740147590637207,3.111576795578003,2.9415578842163086,3.105363607406616,3.0202512741088867,3.094013214111328,3.1360013484954834,3.0745527744293213,3.105351209640503,2.9724295139312744,3.502962112426758,3.526947021484375,3.4440243244171143,3.545985221862793,3.857693910598755,3.4998795986175537,2.9878649711608887,2.989819288253784,135.04665160179138
