,mean,epochs1,epochs2,epochs3,epochs4,epochs5,epochs6,epochs7,epochs8,epochs9,epochs10,epochs11,epochs12,epochs13,epochs14,epochs15,epochs16,epochs17,epochs18,epochs19,epochs20,epochs21,epochs22,epochs23,epochs24,epochs25,epochs26,epochs27,epochs28,epochs29,epochs30,epochs31,epochs32,epochs33,epochs34,epochs35,epochs36,epochs37,epochs38,epochs39,epochs40,epochs41,epochs42,epochs43,epochs44,epochs45,epochs46,epochs47,epochs48,epochs49,epochs50,Alltime
0,40.490368475914,50.873339891433716,43.66110849380493,43.54183053970337,43.30596160888672,43.15139961242676,42.833821058273315,28.355395317077637,40.956377029418945,43.00100803375244,42.42544960975647,42.69037318229675,42.7346293926239,42.78518271446228,42.86290097236633,34.99087715148926,32.526169538497925,42.37000846862793,42.86480450630188,43.05372452735901,42.600560426712036,42.273149490356445,42.115269899368286,42.76619243621826,26.170629024505615,42.041255474090576,42.46002960205078,42.62118077278137,42.840577602386475,42.36173748970032,42.19586229324341,42.24060392379761,33.365100383758545,34.88620853424072,42.434460401535034,42.2804753780365,42.536927700042725,42.69018340110779,42.6025333404541,42.628623723983765,41.75015711784363,26.115070581436157,42.41937780380249,42.508326053619385,42.56461215019226,42.62030911445618,42.45370125770569,42.481385469436646,42.488715171813965,30.941853284835815,23.07899284362793,2025.550854921341
