,mean,epochs1,epochs2,epochs3,epochs4,epochs5,epochs6,epochs7,epochs8,epochs9,epochs10,epochs11,epochs12,epochs13,epochs14,epochs15,epochs16,epochs17,epochs18,epochs19,epochs20,epochs21,epochs22,epochs23,epochs24,epochs25,epochs26,epochs27,epochs28,epochs29,epochs30,epochs31,epochs32,epochs33,epochs34,epochs35,epochs36,epochs37,epochs38,epochs39,epochs40,epochs41,epochs42,epochs43,epochs44,epochs45,epochs46,epochs47,epochs48,epochs49,epochs50,epochs51,epochs52,epochs53,epochs54,epochs55,epochs56,epochs57,epochs58,Alltime
0,23.846628892010656,31.60515022277832,23.98780608177185,23.979244709014893,24.26777458190918,25.189125299453735,23.97799324989319,23.80712080001831,23.849185466766357,23.708845615386963,23.498215913772583,24.405622005462646,23.485889673233032,23.56381583213806,23.876293659210205,23.472976684570312,23.542803525924683,23.797590255737305,23.64521884918213,23.426795959472656,23.6115984916687,23.580408573150635,23.883846044540405,23.541958570480347,23.520334482192993,24.570364952087402,24.081432342529297,23.441397428512573,23.724685192108154,23.64062476158142,23.56385564804077,24.229074478149414,23.509588718414307,23.400426864624023,24.06725263595581,23.111223459243774,23.49654984474182,23.460403203964233,23.53756308555603,23.398173809051514,23.56283187866211,23.569442749023438,24.654761791229248,23.455126523971558,23.576321601867676,24.36929202079773,23.426114559173584,23.27609634399414,23.610854387283325,23.14748525619507,23.68908667564392,23.63113522529602,23.363789319992065,23.82500457763672,23.09018564224243,23.494088649749756,23.49942374229431,23.320087909698486,24.085115909576416,1383.5096893310547
