,mean,epochs1,epochs2,epochs3,epochs4,epochs5,epochs6,epochs7,epochs8,epochs9,epochs10,epochs11,epochs12,epochs13,epochs14,epochs15,epochs16,epochs17,epochs18,epochs19,epochs20,epochs21,epochs22,epochs23,epochs24,epochs25,epochs26,epochs27,epochs28,epochs29,epochs30,epochs31,epochs32,Alltime
0,3.2330436408519745,9.180999040603638,2.9916460514068604,2.919969081878662,2.8312571048736572,2.9161367416381836,2.957923412322998,3.0807316303253174,2.940819501876831,3.0208005905151367,3.077056646347046,3.0830495357513428,2.998798131942749,2.9540677070617676,3.05556321144104,2.905829668045044,3.014482259750366,2.9591550827026367,3.0287044048309326,3.0322868824005127,2.953871250152588,2.9722793102264404,3.090608835220337,3.1499722003936768,2.9921326637268066,3.0681912899017334,3.040635585784912,3.041562557220459,3.0517358779907227,3.036376476287842,3.256498336791992,3.428351402282715,3.4259040355682373,103.72416877746582
