,mean,epochs1,epochs2,epochs3,epochs4,epochs5,epochs6,epochs7,epochs8,epochs9,epochs10,epochs11,epochs12,epochs13,epochs14,epochs15,epochs16,epochs17,epochs18,epochs19,epochs20,epochs21,epochs22,epochs23,epochs24,epochs25,epochs26,epochs27,epochs28,epochs29,epochs30,epochs31,Alltime
0,3.264092722246724,9.840057134628296,3.585313081741333,3.322697877883911,3.1962695121765137,3.2171454429626465,3.257516622543335,2.9334781169891357,2.9177331924438477,3.0720486640930176,2.889890670776367,3.003074884414673,2.980346441268921,2.9369261264801025,3.0477561950683594,3.0318174362182617,2.982006788253784,2.974497079849243,3.026252031326294,2.9989631175994873,2.9382553100585938,2.9120635986328125,3.037442684173584,2.9977645874023438,2.9539363384246826,2.9877452850341797,3.0570027828216553,3.024695634841919,3.0845890045166016,2.9655323028564453,2.9509146213531494,3.0631418228149414,101.45082521438599
