,mean,epochs1,epochs2,epochs3,epochs4,epochs5,epochs6,epochs7,epochs8,epochs9,epochs10,epochs11,epochs12,epochs13,epochs14,epochs15,epochs16,epochs17,epochs18,epochs19,epochs20,epochs21,epochs22,epochs23,epochs24,epochs25,epochs26,epochs27,epochs28,epochs29,epochs30,epochs31,Alltime
0,3.2707602131751274,9.206538200378418,2.862788438796997,2.942573308944702,2.946135997772217,2.9197239875793457,3.031202554702759,3.3311970233917236,3.0559256076812744,2.9684126377105713,3.1187663078308105,3.0290071964263916,3.3786191940307617,3.6543221473693848,3.330007314682007,3.3646750450134277,3.198408842086792,3.317044973373413,3.0681564807891846,2.9561665058135986,3.054716110229492,3.0101234912872314,3.008944511413574,3.074692964553833,3.074542760848999,2.928764820098877,2.8399083614349365,2.758990526199341,2.885629892349243,3.1019880771636963,2.9902350902557373,2.985358238220215,101.64752340316772
