,mean,epochs1,epochs2,epochs3,epochs4,epochs5,epochs6,epochs7,epochs8,epochs9,epochs10,epochs11,epochs12,epochs13,epochs14,epochs15,epochs16,epochs17,epochs18,epochs19,epochs20,epochs21,epochs22,epochs23,epochs24,epochs25,epochs26,epochs27,epochs28,epochs29,epochs30,epochs31,epochs32,epochs33,epochs34,epochs35,epochs36,epochs37,Alltime
0,3.191345653018436,8.817306756973267,2.898824453353882,2.894585371017456,2.9297802448272705,2.8776638507843018,2.883594512939453,2.9212584495544434,3.237485885620117,3.028578281402588,3.059368371963501,3.0334713459014893,2.941779851913452,3.0158822536468506,3.03538179397583,3.0154194831848145,2.9777638912200928,3.017237424850464,3.088101863861084,2.908278703689575,3.002199649810791,2.9246625900268555,3.042388916015625,2.9165923595428467,2.9368791580200195,3.0528018474578857,3.1042470932006836,3.0220561027526855,2.987586259841919,3.0872347354888916,2.935887575149536,2.939927101135254,2.8548784255981445,3.278592348098755,3.2284984588623047,3.4345321655273438,3.420893669128418,3.3281679153442383,118.38202738761902
