,mean,epochs1,epochs2,epochs3,epochs4,epochs5,epochs6,epochs7,epochs8,epochs9,epochs10,epochs11,epochs12,epochs13,epochs14,epochs15,epochs16,epochs17,epochs18,epochs19,epochs20,epochs21,epochs22,epochs23,epochs24,epochs25,epochs26,epochs27,epochs28,epochs29,epochs30,epochs31,epochs32,epochs33,epochs34,epochs35,epochs36,epochs37,epochs38,epochs39,epochs40,epochs41,epochs42,epochs43,epochs44,epochs45,epochs46,epochs47,epochs48,epochs49,epochs50,epochs51,epochs52,epochs53,epochs54,epochs55,epochs56,epochs57,epochs58,epochs59,epochs60,epochs61,epochs62,epochs63,epochs64,epochs65,epochs66,epochs67,epochs68,epochs69,epochs70,epochs71,epochs72,epochs73,epochs74,epochs75,epochs76,epochs77,epochs78,epochs79,epochs80,epochs81,epochs82,Alltime
0,23.046075131835007,29.617992162704468,23.619751930236816,23.746822118759155,23.44829487800598,23.344877004623413,23.17627501487732,23.174347400665283,23.10502576828003,23.07858371734619,23.098353385925293,23.000380754470825,23.04052448272705,23.101935863494873,22.82044506072998,22.940648555755615,22.956250429153442,23.00438904762268,22.966472864151,22.84263324737549,23.04901123046875,23.121129274368286,22.84427285194397,23.067773580551147,22.81521725654602,23.1289119720459,22.875468254089355,23.072859525680542,22.87294888496399,22.871695041656494,23.011005640029907,23.058841466903687,22.846325874328613,22.862051725387573,23.079039335250854,22.831794500350952,22.86955738067627,23.101959943771362,22.815677642822266,22.81041431427002,22.98614001274109,22.8651704788208,22.7933349609375,22.96564292907715,22.974251985549927,22.969640254974365,22.936737775802612,23.01111936569214,22.858487129211426,22.892250776290894,23.036404848098755,22.91195249557495,22.89165449142456,23.059919118881226,22.77976083755493,23.09291648864746,22.86800456047058,23.021047592163086,22.857223749160767,22.94391632080078,22.89043641090393,22.86392903327942,23.01780605316162,22.768274545669556,23.11722421646118,22.739513158798218,22.734487533569336,22.857749938964844,22.89876127243042,22.734673261642456,22.989442586898804,22.99783444404602,22.87163233757019,22.733096599578857,22.771226167678833,22.961106538772583,22.775099754333496,22.94481110572815,22.806255102157593,22.965110540390015,22.807633876800537,22.890321254730225,22.836199522018433,1890.3159503936768
