,mean,epochs1,epochs2,epochs3,epochs4,epochs5,epochs6,epochs7,epochs8,epochs9,epochs10,epochs11,epochs12,epochs13,epochs14,epochs15,epochs16,epochs17,epochs18,epochs19,epochs20,epochs21,epochs22,epochs23,epochs24,epochs25,epochs26,epochs27,epochs28,epochs29,epochs30,epochs31,Alltime
0,3.175848553257604,9.012906312942505,2.9668548107147217,2.9729626178741455,2.970996141433716,2.895695209503174,2.892526626586914,3.173140287399292,2.917316436767578,2.9420483112335205,2.8458755016326904,2.9078845977783203,2.993345022201538,2.964045524597168,2.938586473464966,2.9583849906921387,2.962286949157715,2.9213621616363525,3.017487049102783,2.8960468769073486,2.9963157176971436,2.851912498474121,3.035289764404297,3.0111355781555176,3.093616008758545,3.1000025272369385,3.0592644214630127,3.081658363342285,3.0039310455322266,3.0325071811676025,3.0774309635162354,2.958489179611206,98.7021861076355
