,mean,epochs1,epochs2,epochs3,epochs4,epochs5,epochs6,epochs7,epochs8,epochs9,epochs10,epochs11,epochs12,epochs13,epochs14,epochs15,epochs16,epochs17,epochs18,epochs19,epochs20,epochs21,epochs22,epochs23,epochs24,epochs25,epochs26,epochs27,epochs28,epochs29,epochs30,epochs31,epochs32,epochs33,epochs34,epochs35,epochs36,epochs37,epochs38,epochs39,epochs40,epochs41,epochs42,epochs43,epochs44,epochs45,epochs46,epochs47,epochs48,epochs49,epochs50,epochs51,epochs52,epochs53,epochs54,epochs55,epochs56,epochs57,epochs58,epochs59,epochs60,epochs61,epochs62,epochs63,epochs64,epochs65,epochs66,epochs67,epochs68,epochs69,epochs70,epochs71,epochs72,epochs73,epochs74,epochs75,epochs76,epochs77,epochs78,epochs79,epochs80,epochs81,epochs82,epochs83,epochs84,epochs85,Alltime
0,3.1481293397791243,9.270102739334106,3.0196144580841064,2.945004463195801,3.054093360900879,3.0841143131256104,3.0968339443206787,3.0631134510040283,3.007878303527832,3.061901569366455,3.040231466293335,3.001694917678833,3.0066373348236084,3.0037851333618164,3.0349676609039307,3.07409930229187,2.96307110786438,2.923610210418701,2.973731756210327,3.043752431869507,3.1338322162628174,3.050006628036499,3.1762912273406982,2.9942312240600586,3.0613157749176025,2.939549446105957,2.814678907394409,2.9708926677703857,2.90348219871521,2.9869344234466553,3.016057014465332,2.9682769775390625,3.138578176498413,2.9590651988983154,3.0270190238952637,3.055715799331665,3.496330976486206,3.365583896636963,3.6158738136291504,3.407623767852783,3.398747205734253,4.387239694595337,3.120516777038574,2.993924140930176,2.980686902999878,3.0288829803466797,2.979290008544922,3.041525363922119,3.0421485900878906,2.935469150543213,3.0468273162841797,2.9692277908325195,3.055161237716675,2.9685277938842773,3.076383352279663,3.0604920387268066,3.078204870223999,3.0869126319885254,2.9595534801483154,3.022394895553589,3.043311595916748,3.0156097412109375,2.9780688285827637,3.0453526973724365,3.014009714126587,3.010822296142578,2.8528592586517334,3.052229881286621,2.9447484016418457,2.96642804145813,3.0078885555267334,3.011502265930176,3.027433395385742,2.967600107192993,2.99678373336792,2.9549124240875244,2.9586477279663086,3.0087552070617676,3.031609058380127,2.9916746616363525,3.029473066329956,2.967357635498047,3.791158676147461,3.4495184421539307,3.307368755340576,3.184176206588745,268.2210874557495
