,mean,epochs1,epochs2,epochs3,epochs4,epochs5,epochs6,epochs7,epochs8,epochs9,epochs10,epochs11,epochs12,epochs13,epochs14,epochs15,epochs16,epochs17,epochs18,epochs19,epochs20,epochs21,epochs22,epochs23,epochs24,epochs25,epochs26,epochs27,epochs28,epochs29,epochs30,epochs31,epochs32,epochs33,epochs34,epochs35,epochs36,epochs37,epochs38,epochs39,epochs40,epochs41,epochs42,epochs43,epochs44,epochs45,epochs46,epochs47,epochs48,epochs49,epochs50,epochs51,epochs52,epochs53,epochs54,epochs55,epochs56,epochs57,epochs58,epochs59,epochs60,epochs61,epochs62,epochs63,epochs64,epochs65,epochs66,epochs67,epochs68,epochs69,epochs70,epochs71,epochs72,epochs73,epochs74,epochs75,epochs76,epochs77,epochs78,epochs79,epochs80,Alltime
0,41.410147631168364,53.12782621383667,44.2718288898468,44.210641860961914,44.13448882102966,44.31707525253296,43.75159168243408,42.72583246231079,24.527425050735474,42.4991729259491,43.52112817764282,43.649195194244385,43.866190910339355,43.695539236068726,43.56136703491211,43.525896072387695,39.46907830238342,26.523173332214355,43.30956435203552,43.31254577636719,43.39147663116455,43.47404503822327,43.45436882972717,43.600849866867065,43.486711263656616,36.450260400772095,29.387932777404785,43.383930921554565,43.29378914833069,43.40448880195618,43.74271106719971,43.3980553150177,43.51073694229126,43.71773433685303,32.59758234024048,32.924943685531616,43.10539245605469,43.422032833099365,43.28723859786987,43.303863525390625,43.5002076625824,43.581950426101685,43.58632779121399,30.70180916786194,34.44675302505493,43.50088810920715,43.41574835777283,43.658692598342896,43.42363095283508,43.31210803985596,43.14789438247681,43.489266872406006,29.274792909622192,35.36083364486694,43.33175992965698,43.22571921348572,43.63333535194397,43.298582792282104,43.67259240150452,43.49193000793457,43.54786705970764,23.92735505104065,42.59056878089905,43.21671986579895,43.25643038749695,43.334184646606445,43.35965085029602,43.30738973617554,43.32658934593201,38.13361096382141,35.30745530128479,43.2284951210022,43.134923696517944,43.14539384841919,43.228785037994385,43.108442544937134,43.08637022972107,39.761369466781616,34.97927927970886,42.99933838844299,43.43906092643738,3314.313180208206
