,mean,epochs1,epochs2,epochs3,epochs4,epochs5,epochs6,epochs7,epochs8,epochs9,epochs10,epochs11,epochs12,epochs13,epochs14,epochs15,epochs16,epochs17,epochs18,epochs19,epochs20,epochs21,epochs22,epochs23,epochs24,epochs25,epochs26,epochs27,epochs28,epochs29,epochs30,epochs31,Alltime
0,3.252596293726275,9.229151487350464,2.8891711235046387,2.8616037368774414,3.178300142288208,3.1961259841918945,3.1911096572875977,3.3590986728668213,3.22745418548584,3.398270845413208,2.9210572242736816,2.838569164276123,2.986514091491699,2.890657424926758,2.988959789276123,2.974688768386841,2.9847571849823,3.0031604766845703,2.987384557723999,2.9709582328796387,3.0031070709228516,2.9948842525482178,2.972292184829712,3.1200344562530518,3.1465022563934326,3.051851749420166,3.1167800426483154,3.028501033782959,3.0931687355041504,3.0513055324554443,3.053004026412964,3.122061014175415,101.08039164543152
