,mean,epochs1,epochs2,epochs3,epochs4,epochs5,epochs6,epochs7,epochs8,epochs9,epochs10,epochs11,epochs12,epochs13,epochs14,epochs15,epochs16,epochs17,epochs18,epochs19,epochs20,epochs21,epochs22,epochs23,epochs24,epochs25,epochs26,epochs27,epochs28,epochs29,epochs30,epochs31,Alltime
0,3.235158689560429,9.256245851516724,2.881148099899292,2.910407543182373,2.9384586811065674,2.9258105754852295,2.9651174545288086,2.9073054790496826,3.1546385288238525,2.9863393306732178,3.0161311626434326,3.0727462768554688,2.9877960681915283,3.047672986984253,2.964334011077881,3.037161111831665,3.0025157928466797,3.010411262512207,3.0296638011932373,2.943000555038452,2.9486031532287598,3.026017189025879,3.045624017715454,3.0102477073669434,2.9920594692230225,2.899791955947876,3.077244520187378,2.9419524669647217,2.9268622398376465,3.7289814949035645,3.321654796600342,3.3339757919311523,100.55001592636108
