,mean,epochs1,epochs2,epochs3,epochs4,epochs5,epochs6,epochs7,epochs8,epochs9,epochs10,epochs11,epochs12,epochs13,epochs14,epochs15,epochs16,epochs17,epochs18,epochs19,epochs20,epochs21,epochs22,epochs23,epochs24,epochs25,epochs26,epochs27,epochs28,epochs29,epochs30,epochs31,epochs32,epochs33,epochs34,Alltime
0,3.219402881229625,9.051753044128418,3.0110669136047363,2.8708393573760986,2.93880033493042,5.511888027191162,2.8439550399780273,2.9124202728271484,3.054582357406616,3.0261244773864746,3.054340124130249,3.018693208694458,3.037228584289551,3.0313596725463867,2.9942467212677,2.9083199501037598,2.812136650085449,2.880303382873535,2.98445463180542,3.1027660369873047,2.8291075229644775,2.902463674545288,3.013550281524658,2.9647819995880127,2.8677902221679688,2.811579704284668,3.0629923343658447,2.9993700981140137,2.991661310195923,2.9986226558685303,2.977078914642334,3.0130467414855957,2.9203693866729736,3.0136122703552246,3.0483920574188232,109.7244279384613
