,mean,epochs1,epochs2,epochs3,epochs4,epochs5,epochs6,epochs7,epochs8,epochs9,epochs10,epochs11,epochs12,epochs13,epochs14,epochs15,epochs16,epochs17,epochs18,epochs19,epochs20,epochs21,epochs22,epochs23,epochs24,epochs25,epochs26,epochs27,epochs28,epochs29,epochs30,epochs31,epochs32,Alltime
0,3.3245891481637955,9.431995868682861,3.025298833847046,2.949326753616333,2.9501655101776123,2.9585373401641846,2.9563913345336914,3.019331455230713,3.862316608428955,3.3875763416290283,3.4906296730041504,3.4273359775543213,3.3931920528411865,3.447166919708252,3.078916072845459,3.0064899921417236,3.0742669105529785,3.031834125518799,2.9758224487304688,3.110306978225708,3.1082394123077393,3.011131525039673,3.088279962539673,3.0888772010803223,3.0427639484405518,3.068244457244873,3.069737195968628,3.0835373401641846,2.9794836044311523,3.0267961025238037,3.1038331985473633,3.063769578933716,3.0752580165863037,106.65574598312378
