,mean,epochs1,epochs2,epochs3,epochs4,epochs5,epochs6,epochs7,epochs8,epochs9,epochs10,epochs11,epochs12,epochs13,epochs14,epochs15,epochs16,epochs17,epochs18,epochs19,epochs20,epochs21,epochs22,epochs23,epochs24,epochs25,epochs26,epochs27,epochs28,epochs29,epochs30,epochs31,epochs32,Alltime
0,3.2024849355220795,9.248661756515503,3.1840832233428955,2.8908193111419678,3.055281400680542,3.0678298473358154,2.8412654399871826,3.055715322494507,3.0123794078826904,3.0912158489227295,3.0501811504364014,2.9683516025543213,2.9730594158172607,2.837759017944336,3.0431652069091797,3.085172653198242,2.967043161392212,3.0521183013916016,3.045064926147461,2.9564850330352783,3.0482895374298096,2.9519946575164795,3.049772262573242,3.0429999828338623,2.944669008255005,2.944631338119507,3.1131234169006348,3.0329060554504395,2.9774112701416016,2.9288721084594727,3.078817129135132,2.962677001953125,2.9777021408081055,102.74358463287354
