,mean,epochs1,epochs2,epochs3,epochs4,epochs5,epochs6,epochs7,epochs8,epochs9,epochs10,epochs11,epochs12,epochs13,epochs14,epochs15,epochs16,epochs17,epochs18,epochs19,epochs20,epochs21,epochs22,epochs23,epochs24,epochs25,epochs26,epochs27,epochs28,epochs29,epochs30,epochs31,epochs32,epochs33,Alltime
0,3.259497187354348,9.166204452514648,2.9531943798065186,3.0052647590637207,2.9184343814849854,2.9844489097595215,3.307044744491577,3.0534145832061768,3.008317708969116,2.778980016708374,3.0319924354553223,2.9274868965148926,2.9321632385253906,2.9465341567993164,3.0011909008026123,3.0731194019317627,3.3243048191070557,3.4916975498199463,3.3745944499969482,3.4392600059509277,3.2504451274871826,3.486971616744995,3.034775972366333,2.9802846908569336,3.0657172203063965,3.0051755905151367,2.960188150405884,3.01993727684021,3.0345864295959473,3.101745128631592,2.9788224697113037,3.0565102100372314,2.9386799335479736,2.931919574737549,107.84471702575684
