,mean,epochs1,epochs2,epochs3,epochs4,epochs5,epochs6,epochs7,epochs8,epochs9,epochs10,epochs11,epochs12,epochs13,epochs14,epochs15,epochs16,epochs17,epochs18,epochs19,epochs20,epochs21,epochs22,epochs23,epochs24,epochs25,epochs26,epochs27,epochs28,epochs29,epochs30,epochs31,Alltime
0,3.1464327535321637,9.003910541534424,2.7624666690826416,2.842203378677368,2.853414535522461,2.8258776664733887,3.0468668937683105,2.8831627368927,2.733924388885498,2.9583547115325928,2.9855124950408936,2.89998722076416,2.777362585067749,2.929755926132202,2.99493670463562,2.9767651557922363,2.9516773223876953,2.985806941986084,2.73480486869812,2.9837746620178223,3.044874429702759,2.9820737838745117,2.8969883918762207,2.9678585529327393,2.9791135787963867,3.0599892139434814,2.9800221920013428,3.052250385284424,2.985280752182007,3.0256285667419434,3.03171706199646,3.403053045272827,97.77743172645569
