,mean,epochs1,epochs2,epochs3,epochs4,epochs5,epochs6,epochs7,epochs8,epochs9,epochs10,epochs11,epochs12,epochs13,epochs14,epochs15,epochs16,epochs17,epochs18,epochs19,epochs20,epochs21,epochs22,epochs23,epochs24,epochs25,epochs26,epochs27,epochs28,epochs29,epochs30,epochs31,Alltime
0,3.165903429831228,9.029574394226074,2.871900796890259,2.866394281387329,2.86152982711792,2.8672261238098145,2.8946359157562256,2.883518695831299,2.8861660957336426,3.112724781036377,2.937066078186035,3.0208280086517334,2.957304000854492,2.9959311485290527,3.034693479537964,3.006291151046753,2.9438226222991943,2.910463571548462,3.034430503845215,3.016237497329712,2.955475330352783,2.9977431297302246,2.9891858100891113,3.0667521953582764,2.992555856704712,3.087533473968506,3.032809019088745,2.9877870082855225,2.9875855445861816,2.956674575805664,3.0153214931488037,2.9428439140319824,98.39927959442139
