,mean,epochs1,epochs2,epochs3,epochs4,epochs5,epochs6,epochs7,epochs8,epochs9,epochs10,epochs11,epochs12,epochs13,epochs14,epochs15,epochs16,epochs17,epochs18,epochs19,epochs20,epochs21,epochs22,epochs23,epochs24,epochs25,epochs26,epochs27,epochs28,epochs29,epochs30,epochs31,Alltime
0,3.3221694500215593,9.53388500213623,2.929180145263672,2.965754508972168,3.277028799057007,3.4714133739471436,3.8559703826904297,3.4236767292022705,3.5645318031311035,3.538574457168579,3.192910671234131,2.977379322052002,3.099771022796631,3.0561208724975586,3.0864477157592773,2.972215175628662,2.9804415702819824,3.041658878326416,2.971630334854126,2.9740514755249023,3.074146032333374,3.064401865005493,2.964569330215454,3.1156792640686035,3.0264973640441895,3.038621664047241,2.9373326301574707,2.940760612487793,2.9209580421447754,2.940796375274658,3.048322916030884,3.0025246143341064,103.24482822418213
