,mean,epochs1,epochs2,epochs3,epochs4,epochs5,epochs6,epochs7,epochs8,epochs9,epochs10,epochs11,epochs12,epochs13,epochs14,epochs15,epochs16,epochs17,epochs18,epochs19,epochs20,epochs21,epochs22,epochs23,epochs24,epochs25,epochs26,epochs27,epochs28,epochs29,epochs30,epochs31,epochs32,epochs33,epochs34,epochs35,epochs36,epochs37,epochs38,epochs39,epochs40,epochs41,epochs42,epochs43,epochs44,epochs45,epochs46,epochs47,epochs48,epochs49,epochs50,epochs51,epochs52,epochs53,epochs54,epochs55,epochs56,epochs57,epochs58,epochs59,epochs60,epochs61,epochs62,Alltime
0,23.089773428055548,30.33290672302246,23.57968544960022,23.26162052154541,23.559936046600342,23.496844053268433,22.976383209228516,23.312888383865356,23.09963607788086,23.562681436538696,25.311261892318726,24.100797176361084,23.753803253173828,22.535609483718872,22.862364053726196,22.523566246032715,22.910216331481934,22.743428945541382,22.65554904937744,22.79080605506897,22.57949948310852,22.852879285812378,22.798078060150146,22.7707941532135,22.97588276863098,22.984843730926514,22.71399450302124,22.878058433532715,22.877497911453247,22.668818473815918,22.922232151031494,22.95161747932434,22.759263038635254,22.97064971923828,22.65171766281128,22.613669872283936,23.000617265701294,22.959980249404907,23.013562202453613,22.938271284103394,22.665254592895508,22.88640570640564,22.94481086730957,23.044010400772095,22.90846276283264,22.77068328857422,22.911388635635376,22.95816159248352,22.951247215270996,22.94632601737976,22.70890784263611,22.93243670463562,22.681619882583618,22.930872917175293,22.65782594680786,23.051414966583252,22.725881576538086,22.751909732818604,22.906173706054688,22.788780450820923,22.718584775924683,22.772444486618042,22.70043635368347,1431.9786775112152
