,mean,epochs1,epochs2,epochs3,epochs4,epochs5,epochs6,epochs7,epochs8,epochs9,epochs10,epochs11,epochs12,epochs13,epochs14,epochs15,epochs16,epochs17,epochs18,epochs19,epochs20,epochs21,epochs22,epochs23,epochs24,epochs25,epochs26,epochs27,epochs28,epochs29,epochs30,epochs31,Alltime
0,3.3116973600079938,10.754101753234863,3.2371551990509033,2.9315662384033203,2.906700849533081,2.9497792720794678,2.8940749168395996,3.0044877529144287,3.3173530101776123,3.0832865238189697,3.0108654499053955,2.9486372470855713,3.1361453533172607,3.1638290882110596,3.0907528400421143,3.087826728820801,3.173508405685425,3.1829638481140137,3.1140823364257812,3.085538148880005,3.090588331222534,3.0802788734436035,3.106796979904175,3.1230690479278564,2.9730756282806396,2.9433388710021973,3.0071239471435547,3.038572311401367,3.069279432296753,3.0585243701934814,2.990213394165039,3.1091020107269287,102.93545961380005
