,mean,epochs1,epochs2,epochs3,epochs4,epochs5,epochs6,epochs7,epochs8,epochs9,epochs10,epochs11,epochs12,epochs13,epochs14,epochs15,epochs16,epochs17,epochs18,epochs19,epochs20,epochs21,epochs22,epochs23,epochs24,epochs25,epochs26,epochs27,epochs28,epochs29,epochs30,epochs31,epochs32,epochs33,epochs34,epochs35,epochs36,epochs37,epochs38,epochs39,epochs40,epochs41,epochs42,epochs43,epochs44,epochs45,epochs46,epochs47,epochs48,epochs49,epochs50,epochs51,epochs52,epochs53,epochs54,epochs55,epochs56,epochs57,epochs58,epochs59,epochs60,epochs61,epochs62,epochs63,epochs64,epochs65,epochs66,epochs67,epochs68,epochs69,epochs70,epochs71,epochs72,epochs73,epochs74,epochs75,epochs76,epochs77,Alltime
0,40.392196952522575,48.567383766174316,42.88530731201172,42.73124647140503,42.65195035934448,42.338736057281494,42.45276975631714,42.39316129684448,31.963144779205322,40.6483952999115,42.290770292282104,42.051079988479614,42.02753829956055,42.300952196121216,41.978304624557495,41.98133873939514,35.03146052360535,36.78605079650879,42.03055143356323,42.109416246414185,42.13640880584717,42.19661211967468,42.199642181396484,42.238924741744995,38.79025936126709,39.15892505645752,41.28156781196594,41.45228409767151,41.40477681159973,35.2437264919281,40.55001497268677,39.26599717140198,39.261852502822876,39.177995681762695,39.3167040348053,39.41715741157532,39.1034951210022,39.020710468292236,34.06127572059631,38.400715589523315,38.58318257331848,39.04625916481018,39.22951292991638,30.909117221832275,40.39044213294983,42.32721471786499,41.95894145965576,41.98815035820007,43.18231201171875,42.72849249839783,42.421918869018555,38.293678998947144,34.96261501312256,42.666088342666626,42.253117084503174,42.14336657524109,42.19950771331787,41.97555947303772,42.051610469818115,41.92062187194824,31.27566885948181,41.75993824005127,42.23708772659302,42.49747061729431,42.63994240760803,41.147990226745605,42.42278051376343,41.569950342178345,34.81687593460083,38.31588625907898,41.629985332489014,40.93953084945679,41.777562856674194,41.889872789382935,40.61183190345764,41.74027609825134,42.04080009460449,30.75540041923523,3111.807408809662
