,mean,epochs1,epochs2,epochs3,epochs4,epochs5,epochs6,epochs7,epochs8,epochs9,epochs10,epochs11,epochs12,epochs13,epochs14,epochs15,epochs16,epochs17,epochs18,epochs19,epochs20,epochs21,epochs22,epochs23,epochs24,epochs25,epochs26,epochs27,epochs28,epochs29,epochs30,epochs31,Alltime
0,3.160141137338454,8.888606786727905,2.9082887172698975,2.8726789951324463,2.9048173427581787,2.847666025161743,2.9217007160186768,3.2446768283843994,2.9972925186157227,2.9754531383514404,2.823467254638672,2.9863672256469727,2.9279165267944336,3.003934860229492,2.9532501697540283,2.97160005569458,3.0207278728485107,2.993546485900879,3.0788135528564453,3.030750274658203,3.007786989212036,3.0159645080566406,2.993072032928467,2.944045066833496,2.8191773891448975,2.799649477005005,2.9874024391174316,2.902256965637207,2.991870880126953,3.0343456268310547,3.050060510635376,3.067188024520874,98.20829248428345
