,mean,epochs1,epochs2,epochs3,epochs4,epochs5,epochs6,epochs7,epochs8,epochs9,epochs10,epochs11,epochs12,epochs13,epochs14,epochs15,epochs16,epochs17,epochs18,epochs19,epochs20,epochs21,epochs22,epochs23,epochs24,epochs25,epochs26,epochs27,epochs28,epochs29,epochs30,epochs31,epochs32,epochs33,epochs34,epochs35,epochs36,epochs37,epochs38,epochs39,epochs40,epochs41,epochs42,epochs43,epochs44,epochs45,epochs46,epochs47,epochs48,epochs49,epochs50,Alltime
0,23.211841444969178,29.72218155860901,23.639674425125122,23.58747148513794,23.37471342086792,23.13900589942932,23.24688720703125,23.51150679588318,23.511648654937744,23.446341276168823,23.339341163635254,23.25003957748413,23.31827712059021,23.186330318450928,22.99564552307129,23.07496690750122,22.858044624328613,23.222301721572876,23.3330135345459,22.94803285598755,22.994649171829224,23.04076647758484,22.837026596069336,23.04206132888794,23.00001549720764,22.85282588005066,23.045673608779907,22.983500719070435,22.91406273841858,23.04948401451111,23.054885149002075,23.044456243515015,22.79123091697693,22.93628478050232,22.910688877105713,22.974361658096313,22.968530416488647,22.954063892364502,23.078384160995483,22.81763005256653,23.054158926010132,23.035553455352783,23.103522777557373,22.821574211120605,23.0267436504364,22.939760446548462,23.019097089767456,22.800455331802368,23.0120906829834,22.750396490097046,23.032712936401367,1160.9364216327667
