,mean,epochs1,epochs2,epochs3,epochs4,epochs5,epochs6,epochs7,epochs8,epochs9,epochs10,epochs11,epochs12,epochs13,epochs14,epochs15,epochs16,epochs17,epochs18,epochs19,epochs20,epochs21,epochs22,epochs23,epochs24,epochs25,epochs26,epochs27,epochs28,epochs29,epochs30,epochs31,epochs32,epochs33,epochs34,epochs35,epochs36,epochs37,epochs38,epochs39,epochs40,epochs41,epochs42,epochs43,epochs44,epochs45,epochs46,epochs47,epochs48,epochs49,epochs50,epochs51,epochs52,epochs53,epochs54,epochs55,epochs56,epochs57,epochs58,Alltime
0,23.753075521567773,32.137553453445435,25.195416927337646,23.73604440689087,23.781317234039307,24.45339274406433,23.127990245819092,23.645653247833252,23.674113273620605,23.439913272857666,23.402334213256836,23.18903946876526,23.442756414413452,24.32043957710266,23.273172616958618,23.51232933998108,23.75149655342102,23.239171743392944,23.405450344085693,23.65406632423401,23.12185025215149,24.211507081985474,23.07961869239807,23.510758876800537,23.679863452911377,23.237337589263916,23.3458194732666,23.2156183719635,23.531484603881836,23.8049054145813,23.299442768096924,23.40454936027527,23.354501724243164,23.24686312675476,24.20298671722412,23.259661436080933,23.36643099784851,23.56229329109192,23.324071884155273,23.621657609939575,23.011500120162964,23.471576929092407,23.702351570129395,23.311721801757812,23.995676279067993,23.011940240859985,23.276835918426514,23.567344903945923,23.390437841415405,24.053302764892578,23.9071683883667,23.50121831893921,24.712923049926758,23.913604497909546,23.51467514038086,24.0533127784729,23.470418691635132,23.7377610206604,24.31173586845398,1378.0892386436462
