,mean,epochs1,epochs2,epochs3,epochs4,epochs5,epochs6,epochs7,epochs8,epochs9,epochs10,epochs11,epochs12,epochs13,epochs14,epochs15,epochs16,epochs17,epochs18,epochs19,epochs20,epochs21,epochs22,epochs23,epochs24,epochs25,epochs26,epochs27,epochs28,epochs29,epochs30,epochs31,epochs32,epochs33,epochs34,epochs35,epochs36,epochs37,epochs38,epochs39,epochs40,epochs41,epochs42,epochs43,epochs44,epochs45,epochs46,epochs47,epochs48,epochs49,epochs50,epochs51,epochs52,epochs53,epochs54,epochs55,epochs56,epochs57,epochs58,epochs59,epochs60,epochs61,epochs62,epochs63,epochs64,epochs65,epochs66,epochs67,epochs68,epochs69,epochs70,epochs71,epochs72,epochs73,epochs74,epochs75,epochs76,epochs77,epochs78,epochs79,epochs80,epochs81,epochs82,epochs83,epochs84,epochs85,Alltime
0,3.169363392100615,9.39569616317749,2.9335758686065674,2.962679624557495,2.955930709838867,2.8460025787353516,4.03645658493042,3.4999897480010986,4.259678602218628,3.400752067565918,3.4875552654266357,4.112632751464844,3.0816283226013184,3.0478758811950684,3.1175105571746826,3.095160484313965,3.008563756942749,2.9816396236419678,2.997673511505127,2.975752830505371,3.05418062210083,3.0402278900146484,3.0510263442993164,3.167177677154541,2.993206024169922,3.045907497406006,2.9980015754699707,2.95115327835083,3.009692668914795,2.937159299850464,2.875185966491699,3.009610891342163,2.830336332321167,3.014634609222412,2.970522880554199,3.0663444995880127,2.9304566383361816,2.9391603469848633,3.020056962966919,3.0076310634613037,3.004486322402954,2.885236978530884,2.854560136795044,3.031642198562622,3.0138304233551025,3.0256855487823486,2.9728951454162598,3.0365352630615234,3.018266439437866,2.9961116313934326,3.045088291168213,3.0046706199645996,3.0618691444396973,3.15170955657959,3.2628393173217773,4.135256767272949,3.3902742862701416,3.5254905223846436,2.978641986846924,3.446805953979492,3.0475099086761475,3.041285276412964,3.05436110496521,2.9972312450408936,3.0422794818878174,2.9882359504699707,3.022862672805786,3.0383496284484863,3.078716278076172,3.0080678462982178,3.0644335746765137,3.0474233627319336,2.902824640274048,2.921821355819702,3.04864239692688,2.9014089107513428,3.041506052017212,3.0462193489074707,2.9553771018981934,3.058837413787842,2.986553192138672,3.0250966548919678,3.013429880142212,3.0570194721221924,3.0567526817321777,2.9993183612823486,270.0591633319855
