,mean,epochs1,epochs2,epochs3,epochs4,epochs5,epochs6,epochs7,epochs8,epochs9,epochs10,epochs11,epochs12,epochs13,epochs14,epochs15,epochs16,epochs17,epochs18,epochs19,epochs20,epochs21,epochs22,epochs23,epochs24,epochs25,epochs26,epochs27,epochs28,epochs29,epochs30,epochs31,epochs32,epochs33,epochs34,epochs35,epochs36,epochs37,epochs38,epochs39,epochs40,epochs41,epochs42,epochs43,epochs44,epochs45,epochs46,epochs47,epochs48,epochs49,epochs50,Alltime
0,23.54569869041443,30.320505619049072,24.05948257446289,24.055302381515503,24.02055025100708,23.99176788330078,23.735490322113037,23.54712200164795,23.907999515533447,23.93360924720764,23.867701053619385,23.676349639892578,23.50739073753357,23.443976163864136,23.730025053024292,23.830551862716675,23.793723344802856,23.730273008346558,23.593681573867798,23.113229513168335,23.629010677337646,23.695169925689697,23.482256174087524,23.755388021469116,23.648605585098267,23.81203031539917,23.80780601501465,23.193897247314453,23.082656383514404,22.997555017471313,23.031168460845947,23.265718698501587,23.052793979644775,23.08860683441162,23.011969566345215,23.14936375617981,22.978961944580078,23.108484745025635,23.13060474395752,22.985204219818115,22.980552434921265,23.128998041152954,23.074395179748535,22.993607997894287,22.944634914398193,23.083619832992554,23.161885499954224,22.981553316116333,23.000422716140747,22.964157581329346,23.20512294769287,1177.6032166481018
