,mean,epochs1,epochs2,epochs3,epochs4,epochs5,epochs6,epochs7,epochs8,epochs9,epochs10,epochs11,epochs12,epochs13,epochs14,epochs15,epochs16,epochs17,epochs18,epochs19,epochs20,epochs21,epochs22,epochs23,epochs24,epochs25,epochs26,epochs27,epochs28,epochs29,epochs30,epochs31,epochs32,epochs33,epochs34,epochs35,epochs36,epochs37,epochs38,epochs39,epochs40,epochs41,epochs42,epochs43,epochs44,epochs45,epochs46,epochs47,epochs48,epochs49,epochs50,epochs51,epochs52,epochs53,epochs54,epochs55,epochs56,Alltime
0,42.31018824662481,52.8792827129364,43.9926176071167,44.08916711807251,43.625500440597534,43.55903935432434,43.692317962646484,37.05530524253845,43.40701389312744,43.42989420890808,44.232428550720215,44.0285861492157,43.53832530975342,43.375518560409546,39.4023072719574,40.74538230895996,43.21210074424744,43.16482067108154,43.49087619781494,43.43204116821289,43.301456451416016,43.3067843914032,35.95334076881409,43.20756506919861,43.17087459564209,43.33154058456421,43.17409801483154,43.22798466682434,43.12594962120056,38.694039821624756,41.31438398361206,43.12372922897339,42.76842546463013,43.16656756401062,42.85507416725159,42.83387756347656,37.09954857826233,42.59614968299866,43.001221895217896,42.72400784492493,42.82546067237854,42.81075191497803,42.77631688117981,37.3877637386322,42.80416417121887,42.747382402420044,42.782066106796265,42.81289553642273,42.82759475708008,40.42891001701355,25.834616661071777,42.19989347457886,42.81566333770752,42.906330823898315,43.062777519226074,43.04146957397461,42.977338790893555,2370.4115200042725
