,mean,epochs1,epochs2,epochs3,epochs4,epochs5,epochs6,epochs7,epochs8,epochs9,epochs10,epochs11,epochs12,epochs13,epochs14,epochs15,epochs16,epochs17,epochs18,epochs19,epochs20,epochs21,epochs22,epochs23,epochs24,epochs25,epochs26,epochs27,epochs28,epochs29,epochs30,epochs31,epochs32,epochs33,epochs34,epochs35,epochs36,epochs37,epochs38,epochs39,epochs40,epochs41,epochs42,epochs43,epochs44,epochs45,epochs46,epochs47,epochs48,epochs49,epochs50,epochs51,epochs52,epochs53,epochs54,epochs55,epochs56,epochs57,epochs58,epochs59,Alltime
0,23.029569484419742,30.018677234649658,23.623271942138672,23.3493013381958,23.10387873649597,23.294768571853638,23.451347827911377,23.152678728103638,23.186538219451904,23.13855266571045,23.12140417098999,23.387535333633423,22.994209051132202,22.83389115333557,22.97951364517212,22.716381311416626,22.951043605804443,22.756717205047607,22.802400827407837,23.043807983398438,22.98378348350525,23.075698614120483,22.656437635421753,22.9826762676239,22.804885387420654,22.845039129257202,22.952787399291992,23.011613607406616,22.77896761894226,22.988024711608887,22.788275003433228,22.90616273880005,22.77977752685547,22.834909677505493,22.905808448791504,22.76280903816223,22.968852758407593,22.701706409454346,22.77506732940674,22.90351629257202,22.89752960205078,22.737357139587402,22.810542345046997,22.930579662322998,22.690958261489868,22.711217641830444,22.700733184814453,22.754157781600952,22.776859760284424,22.892000436782837,22.700926542282104,22.86153817176819,22.773021697998047,22.698708534240723,22.68750262260437,22.740739583969116,22.85563063621521,22.699650287628174,22.723874807357788,22.788352251052856,1359.1318056583405
