,mean,epochs1,epochs2,epochs3,epochs4,epochs5,epochs6,epochs7,epochs8,epochs9,epochs10,epochs11,epochs12,epochs13,epochs14,epochs15,epochs16,epochs17,epochs18,epochs19,epochs20,epochs21,epochs22,epochs23,epochs24,epochs25,epochs26,epochs27,epochs28,epochs29,epochs30,epochs31,epochs32,epochs33,epochs34,epochs35,epochs36,epochs37,epochs38,epochs39,epochs40,epochs41,epochs42,epochs43,epochs44,epochs45,epochs46,epochs47,epochs48,epochs49,epochs50,epochs51,epochs52,epochs53,epochs54,epochs55,epochs56,epochs57,epochs58,epochs59,epochs60,epochs61,epochs62,epochs63,epochs64,epochs65,Alltime
0,40.38015511219318,50.62322807312012,42.89921021461487,43.402125120162964,41.99745273590088,31.11280107498169,34.443703413009644,42.406052350997925,43.70594072341919,42.520248889923096,42.4698371887207,43.017951250076294,42.395549297332764,42.57892346382141,26.521926403045654,38.50537037849426,42.559510231018066,42.84286618232727,42.20452404022217,41.48866319656372,42.528992891311646,42.603771924972534,42.5027916431427,25.3708438873291,40.576860666275024,42.36449670791626,42.05743479728699,42.593132972717285,41.943772077560425,41.84709286689758,42.37823009490967,38.304550886154175,26.62825870513916,42.07914853096008,41.98666167259216,41.91987085342407,41.91813349723816,42.09668445587158,41.99036478996277,41.44430994987488,31.841668605804443,32.30389857292175,42.14946365356445,42.682928800582886,41.885438680648804,42.49717307090759,41.96044445037842,42.34231376647949,41.86393141746521,28.73462963104248,38.286431312561035,41.18026947975159,42.175938844680786,41.84333300590515,42.95291209220886,42.60095405578613,42.67644643783569,42.06207466125488,24.814075231552124,41.187899351119995,42.53055429458618,42.27053380012512,42.58291053771973,41.63901209831238,42.09135055541992,42.72220778465271,2625.968928337097
