,mean,epochs1,epochs2,epochs3,epochs4,epochs5,epochs6,epochs7,epochs8,epochs9,epochs10,epochs11,epochs12,epochs13,epochs14,epochs15,epochs16,epochs17,epochs18,epochs19,epochs20,epochs21,epochs22,epochs23,epochs24,epochs25,epochs26,epochs27,epochs28,epochs29,epochs30,epochs31,epochs32,epochs33,epochs34,epochs35,epochs36,epochs37,epochs38,epochs39,epochs40,epochs41,epochs42,epochs43,epochs44,epochs45,epochs46,epochs47,epochs48,epochs49,epochs50,epochs51,epochs52,epochs53,epochs54,epochs55,epochs56,epochs57,epochs58,epochs59,Alltime
0,23.49373726117409,31.40154790878296,22.790371656417847,23.23517632484436,23.556825876235962,23.51727557182312,23.34004282951355,23.261638879776,23.34282112121582,23.199007272720337,23.42624521255493,23.938121795654297,23.37511110305786,23.47731113433838,23.166502952575684,23.451850652694702,23.923112630844116,23.09813094139099,23.03926157951355,23.368948698043823,23.308668851852417,24.342641353607178,23.070192575454712,23.366870164871216,23.489912748336792,23.090287923812866,24.453622579574585,23.004278659820557,23.445122718811035,23.374564170837402,23.177900314331055,23.302252769470215,23.342102766036987,23.370072603225708,23.132144689559937,23.169189453125,22.95710849761963,23.332311630249023,23.517645120620728,22.983890295028687,23.590152740478516,23.26266074180603,23.479023933410645,23.49663519859314,23.212517976760864,23.610106229782104,23.253600597381592,23.49279260635376,23.38783574104309,22.97797679901123,23.492066383361816,22.910995960235596,23.248419523239136,23.444709062576294,23.01356601715088,24.26528525352478,23.066620111465454,23.22304606437683,23.486913681030273,23.07548975944519,1386.5384061336517
