,mean,epochs1,epochs2,epochs3,epochs4,epochs5,epochs6,epochs7,epochs8,epochs9,epochs10,epochs11,epochs12,epochs13,epochs14,epochs15,epochs16,epochs17,epochs18,epochs19,epochs20,epochs21,epochs22,epochs23,epochs24,epochs25,epochs26,epochs27,epochs28,epochs29,epochs30,epochs31,epochs32,epochs33,epochs34,epochs35,epochs36,epochs37,epochs38,epochs39,epochs40,epochs41,epochs42,epochs43,epochs44,epochs45,epochs46,epochs47,epochs48,epochs49,epochs50,epochs51,epochs52,epochs53,epochs54,Alltime
0,23.51160737320229,30.37351655960083,24.029871702194214,23.996069192886353,23.774365425109863,23.578527212142944,24.05805802345276,24.036006212234497,23.670003652572632,23.54546356201172,23.449265956878662,23.422908544540405,23.430395126342773,23.41462469100952,23.40785264968872,23.346458673477173,23.448124408721924,23.30030918121338,23.314861536026,23.249409914016724,23.39183735847473,23.398210048675537,23.300403118133545,23.461251974105835,23.130513906478882,23.276302337646484,23.321080446243286,23.358840465545654,23.332557439804077,23.30156946182251,23.32665205001831,23.27868938446045,23.36463165283203,23.354437828063965,23.34213399887085,23.362569332122803,23.420609712600708,23.311216592788696,23.297698736190796,23.32703161239624,23.316272497177124,23.292200803756714,23.26194190979004,23.00656747817993,23.313306093215942,23.340471982955933,23.104554176330566,23.186651468276978,22.997461795806885,23.067907333374023,23.277172088623047,23.373008251190186,23.229986667633057,23.110415935516357,23.244549989700317,1269.965164899826
