,mean,epochs1,epochs2,epochs3,epochs4,epochs5,epochs6,epochs7,epochs8,epochs9,epochs10,epochs11,epochs12,epochs13,epochs14,epochs15,epochs16,epochs17,epochs18,epochs19,epochs20,epochs21,epochs22,epochs23,epochs24,epochs25,epochs26,epochs27,epochs28,epochs29,epochs30,epochs31,epochs32,epochs33,epochs34,epochs35,epochs36,epochs37,epochs38,epochs39,epochs40,epochs41,epochs42,epochs43,epochs44,epochs45,epochs46,epochs47,epochs48,epochs49,epochs50,epochs51,epochs52,epochs53,epochs54,epochs55,epochs56,epochs57,Alltime
0,24.08924356678076,30.907846212387085,24.039660215377808,24.825429439544678,24.460874319076538,24.09116768836975,23.794795989990234,24.947163105010986,24.155656337738037,23.50906491279602,24.115196466445923,24.391822814941406,23.82413148880005,23.78153085708618,25.262753009796143,24.06082844734192,23.88007164001465,23.8299720287323,25.13459014892578,23.483556270599365,23.761393785476685,23.98176407814026,23.47635245323181,23.629257917404175,24.59074592590332,23.654401779174805,23.562499523162842,24.64736795425415,23.507025957107544,23.52554941177368,24.679722785949707,23.423076629638672,23.533592462539673,24.2133686542511,23.623510122299194,23.726634979248047,23.962541580200195,23.37323546409607,23.662827491760254,24.487476110458374,23.49682068824768,23.609841346740723,24.514514207839966,23.4675030708313,23.61039710044861,24.60470676422119,23.39432454109192,23.588315725326538,24.69599413871765,23.500776529312134,23.707104206085205,24.23343777656555,23.653206825256348,23.668304443359375,24.415125608444214,23.842621088027954,23.726814031600952,23.838618755340576,1374.7254021167755
