,mean,epochs1,epochs2,epochs3,epochs4,epochs5,epochs6,epochs7,epochs8,epochs9,epochs10,epochs11,epochs12,epochs13,epochs14,epochs15,epochs16,epochs17,epochs18,epochs19,epochs20,epochs21,epochs22,epochs23,epochs24,epochs25,epochs26,epochs27,epochs28,epochs29,epochs30,epochs31,epochs32,epochs33,epochs34,epochs35,epochs36,epochs37,epochs38,epochs39,epochs40,epochs41,epochs42,epochs43,epochs44,epochs45,epochs46,epochs47,epochs48,epochs49,epochs50,epochs51,epochs52,epochs53,epochs54,epochs55,epochs56,epochs57,epochs58,epochs59,epochs60,epochs61,epochs62,epochs63,epochs64,Alltime
0,23.600911643356085,31.995832920074463,23.857228755950928,23.900452136993408,23.87487769126892,24.00636076927185,23.33742332458496,24.076045036315918,23.433439016342163,23.372725248336792,23.50071096420288,23.41237998008728,23.3837890625,23.691381454467773,23.41506004333496,23.912821292877197,23.2306649684906,23.51162338256836,24.852402210235596,23.064745903015137,23.532225847244263,23.733582019805908,23.513760328292847,23.41559410095215,23.05759334564209,23.240533351898193,23.632041454315186,23.038756847381592,24.103564739227295,23.503883361816406,23.383729457855225,23.423839807510376,23.17388129234314,23.12646174430847,23.16713547706604,23.474246501922607,23.292486906051636,23.271572828292847,23.483622312545776,23.200339555740356,23.27352786064148,23.70621633529663,23.38149404525757,23.45746946334839,23.178344249725342,23.489328622817993,23.829084873199463,23.088313341140747,23.964924097061157,23.108659267425537,23.53121280670166,23.267937183380127,23.30026078224182,23.68943691253662,22.964223384857178,23.40225625038147,23.421034574508667,23.330552577972412,23.566185474395752,23.07409691810608,23.353301763534546,23.71800684928894,23.38560152053833,23.082651615142822,23.295408964157104,1510.8933959007263
