,mean,epochs1,epochs2,epochs3,epochs4,epochs5,epochs6,epochs7,epochs8,epochs9,epochs10,epochs11,epochs12,epochs13,epochs14,epochs15,epochs16,epochs17,epochs18,epochs19,epochs20,epochs21,epochs22,epochs23,epochs24,epochs25,epochs26,epochs27,epochs28,epochs29,epochs30,epochs31,epochs32,epochs33,epochs34,epochs35,epochs36,epochs37,epochs38,epochs39,epochs40,epochs41,epochs42,epochs43,epochs44,epochs45,epochs46,epochs47,epochs48,epochs49,epochs50,epochs51,epochs52,epochs53,epochs54,epochs55,epochs56,epochs57,epochs58,epochs59,epochs60,epochs61,epochs62,epochs63,epochs64,epochs65,epochs66,epochs67,epochs68,epochs69,epochs70,epochs71,epochs72,epochs73,epochs74,epochs75,epochs76,epochs77,epochs78,epochs79,epochs80,epochs81,Alltime
0,23.13117089389283,29.63558864593506,23.86173129081726,23.487044095993042,23.246399641036987,23.1054744720459,23.17455220222473,23.130982160568237,23.07510256767273,23.13445472717285,23.187527656555176,23.24379301071167,23.123024463653564,23.005363941192627,23.064496994018555,23.04829478263855,23.372875690460205,22.98584485054016,23.38364338874817,23.02826428413391,22.945892810821533,23.244390726089478,23.07060146331787,23.03636884689331,22.85151195526123,23.001957893371582,22.86030673980713,23.033249616622925,22.818945169448853,23.02471947669983,23.183481216430664,23.134078979492188,23.01848292350769,23.33737063407898,23.11655068397522,23.102349519729614,23.037818431854248,22.966493368148804,23.063244342803955,22.901820182800293,22.981485605239868,22.99622344970703,22.916503190994263,23.03441333770752,22.825010061264038,23.01453447341919,22.79782509803772,22.857567071914673,23.02601194381714,23.411890506744385,23.129918336868286,23.19021487236023,22.936288118362427,23.43893790245056,22.948824167251587,23.17545461654663,23.043651342391968,22.944883346557617,23.032257556915283,22.933632373809814,23.075599193572998,22.91668391227722,22.951276540756226,23.10285449028015,22.84620952606201,22.995826482772827,22.84171414375305,23.055843353271484,22.93649387359619,22.950128078460693,22.99711537361145,22.917767763137817,22.998313188552856,22.954909324645996,22.880905628204346,22.959821939468384,23.005195140838623,22.928884029388428,22.894601345062256,23.05462336540222,22.84456992149353,22.83588457107544,1874.1522979736328
