,mean,epochs1,epochs2,epochs3,epochs4,epochs5,epochs6,epochs7,epochs8,epochs9,epochs10,epochs11,epochs12,epochs13,epochs14,epochs15,epochs16,epochs17,epochs18,epochs19,epochs20,epochs21,epochs22,epochs23,epochs24,epochs25,epochs26,epochs27,epochs28,epochs29,epochs30,epochs31,epochs32,epochs33,epochs34,epochs35,epochs36,epochs37,epochs38,epochs39,epochs40,epochs41,epochs42,epochs43,epochs44,epochs45,epochs46,epochs47,epochs48,epochs49,epochs50,epochs51,epochs52,epochs53,epochs54,epochs55,epochs56,epochs57,epochs58,epochs59,epochs60,epochs61,epochs62,epochs63,epochs64,epochs65,epochs66,epochs67,epochs68,Alltime
0,23.079315644853256,29.952266693115234,23.62690544128418,23.747018575668335,23.385175704956055,23.655359268188477,23.524963855743408,23.67651677131653,23.518884897232056,23.09919571876526,23.377853870391846,23.503957748413086,23.147096633911133,23.033798694610596,22.890807628631592,23.2861111164093,22.941529273986816,22.997477769851685,22.899739980697632,23.196820974349976,23.178064584732056,22.679917812347412,22.861494302749634,22.902766704559326,22.907316207885742,22.82318115234375,22.67442226409912,22.843605279922485,22.878180742263794,22.919323682785034,22.902942419052124,22.66444754600525,22.750046968460083,22.92274308204651,22.82453989982605,23.000023126602173,22.852093935012817,22.898167848587036,22.826765298843384,22.938175439834595,22.97633957862854,22.824698209762573,22.744559049606323,22.944211721420288,22.684120893478394,22.705801963806152,22.959228515625,23.005903482437134,22.963621854782104,22.900707483291626,22.785034656524658,22.934512615203857,22.967657327651978,22.69549059867859,22.83237600326538,22.83801770210266,22.954985857009888,22.70010232925415,22.93789005279541,22.685575246810913,22.954760789871216,22.697913885116577,22.924100399017334,22.895781755447388,22.70590615272522,23.231041193008423,22.71153998374939,22.858007431030273,22.663878202438354,1569.83798122406
