,mean,epochs1,epochs2,epochs3,epochs4,epochs5,epochs6,epochs7,epochs8,epochs9,epochs10,epochs11,epochs12,epochs13,epochs14,epochs15,epochs16,epochs17,epochs18,epochs19,epochs20,epochs21,epochs22,epochs23,epochs24,epochs25,epochs26,epochs27,epochs28,epochs29,epochs30,epochs31,Alltime
0,3.2515902134679977,10.96219253540039,3.455549478530884,2.9486911296844482,3.0364763736724854,3.0659027099609375,3.015993595123291,3.027571678161621,2.919226884841919,3.0048892498016357,2.963714122772217,3.006775140762329,2.8316233158111572,3.0016651153564453,3.0383710861206055,2.943913221359253,2.98671293258667,2.881894826889038,3.0194969177246094,2.8998525142669678,2.928846597671509,3.0318150520324707,2.955251455307007,3.0493881702423096,3.0110130310058594,3.0122382640838623,2.861518144607544,2.941269874572754,2.9611446857452393,3.0350289344787598,3.0358617305755615,2.9654078483581543,101.08389687538147
