,mean,epochs1,epochs2,epochs3,epochs4,epochs5,epochs6,epochs7,epochs8,epochs9,epochs10,epochs11,epochs12,epochs13,epochs14,epochs15,epochs16,epochs17,epochs18,epochs19,epochs20,epochs21,epochs22,epochs23,epochs24,epochs25,epochs26,epochs27,epochs28,epochs29,epochs30,epochs31,Alltime
0,3.122739322723881,9.258126020431519,2.8772733211517334,2.8623478412628174,2.9285264015197754,3.067378282546997,3.20119309425354,2.935171365737915,2.8258183002471924,2.9142262935638428,2.8383736610412598,2.9864938259124756,3.0616836547851562,2.952434539794922,2.896021842956543,2.990949869155884,2.947031021118164,2.987152576446533,2.910430431365967,2.876924991607666,2.9004015922546387,2.869629383087158,2.9311914443969727,2.9019830226898193,2.89451003074646,2.710340738296509,2.804851770401001,2.9776830673217773,3.0146918296813965,2.7584335803985596,2.8623294830322266,2.8613157272338867,97.05009746551514
