,mean,epochs1,epochs2,epochs3,epochs4,epochs5,epochs6,epochs7,epochs8,epochs9,epochs10,epochs11,epochs12,epochs13,epochs14,epochs15,epochs16,epochs17,epochs18,epochs19,epochs20,epochs21,epochs22,epochs23,epochs24,epochs25,epochs26,epochs27,epochs28,epochs29,epochs30,epochs31,epochs32,epochs33,epochs34,epochs35,epochs36,epochs37,epochs38,epochs39,epochs40,epochs41,epochs42,epochs43,epochs44,epochs45,epochs46,epochs47,epochs48,epochs49,epochs50,epochs51,epochs52,epochs53,epochs54,epochs55,epochs56,epochs57,epochs58,epochs59,epochs60,epochs61,epochs62,epochs63,epochs64,epochs65,epochs66,epochs67,Alltime
0,40.61935773536341,50.909996032714844,43.312153339385986,43.207446336746216,43.07039523124695,42.932403326034546,42.38925576210022,23.174750566482544,37.23550748825073,42.57904863357544,42.65084099769592,42.499584913253784,42.52701544761658,42.374457597732544,42.418888092041016,42.72521114349365,41.9898567199707,22.973371267318726,37.00673723220825,42.28997850418091,42.00077724456787,42.318347215652466,42.25952482223511,42.28515434265137,42.19183897972107,42.29834461212158,38.877849102020264,22.81589150428772,37.39826321601868,42.17401170730591,42.04944825172424,42.076343059539795,42.32414960861206,42.09644889831543,42.16546440124512,42.02066445350647,42.314231872558594,32.64590239524841,41.630523681640625,41.67188024520874,42.27865290641785,42.212082624435425,41.793798208236694,42.0600049495697,39.033855676651,35.311575412750244,41.86464738845825,41.94080996513367,41.96248412132263,42.208425760269165,42.141087770462036,41.97837471961975,34.73021221160889,39.97101831436157,41.90320801734924,42.08946180343628,42.019207239151,42.20077562332153,42.133349895477295,41.84014678001404,32.29627275466919,41.6000120639801,41.97283434867859,42.092856884002686,42.068970680236816,41.72607135772705,42.02566885948181,42.159143686294556,2722.904377222061
