,mean,epochs1,epochs2,epochs3,epochs4,epochs5,epochs6,epochs7,epochs8,epochs9,epochs10,epochs11,epochs12,epochs13,epochs14,epochs15,epochs16,epochs17,epochs18,epochs19,epochs20,epochs21,epochs22,epochs23,epochs24,epochs25,epochs26,epochs27,epochs28,epochs29,epochs30,epochs31,Alltime
0,3.3104302883148193,9.278191804885864,2.9441580772399902,2.9360039234161377,2.9464046955108643,2.9502549171447754,2.9618442058563232,3.050872325897217,3.154078960418701,3.0694644451141357,3.0844733715057373,2.9336001873016357,3.105271100997925,3.0837819576263428,2.9944260120391846,3.105313301086426,2.7928876876831055,2.849925994873047,2.9500129222869873,2.998621702194214,3.0308165550231934,3.0325253009796143,3.0734879970550537,3.0887322425842285,3.6592040061950684,3.3650612831115723,3.4887871742248535,3.4166321754455566,3.5384562015533447,3.468405246734619,3.1667144298553467,3.104928731918335,102.87623262405396
