,mean,epochs1,epochs2,epochs3,epochs4,epochs5,epochs6,epochs7,epochs8,epochs9,epochs10,epochs11,epochs12,epochs13,epochs14,epochs15,epochs16,epochs17,epochs18,epochs19,epochs20,epochs21,epochs22,epochs23,epochs24,epochs25,epochs26,epochs27,epochs28,epochs29,epochs30,epochs31,Alltime
0,3.185801067659932,8.944405317306519,2.9209799766540527,2.9128196239471436,2.8539857864379883,2.9370689392089844,2.90732741355896,3.204454183578491,2.8504557609558105,2.771977186203003,3.0339648723602295,2.9336984157562256,2.9887726306915283,2.9560744762420654,2.9797708988189697,3.0547966957092285,3.0214102268218994,3.0515248775482178,2.9562411308288574,3.0587737560272217,2.968916177749634,3.066727876663208,3.0352108478546143,3.0496785640716553,3.0680339336395264,3.0936405658721924,3.0699024200439453,2.981398820877075,3.016214609146118,3.042062759399414,3.0341546535491943,2.995389699935913,99.00226593017578
