,mean,epochs1,epochs2,epochs3,epochs4,epochs5,epochs6,epochs7,epochs8,epochs9,epochs10,epochs11,epochs12,epochs13,epochs14,epochs15,epochs16,epochs17,epochs18,epochs19,epochs20,epochs21,epochs22,epochs23,epochs24,epochs25,epochs26,epochs27,epochs28,epochs29,epochs30,epochs31,epochs32,epochs33,epochs34,epochs35,epochs36,epochs37,epochs38,epochs39,epochs40,epochs41,epochs42,epochs43,epochs44,epochs45,epochs46,epochs47,epochs48,epochs49,epochs50,epochs51,epochs52,epochs53,epochs54,epochs55,epochs56,epochs57,epochs58,epochs59,epochs60,epochs61,epochs62,epochs63,epochs64,epochs65,epochs66,epochs67,epochs68,epochs69,epochs70,epochs71,epochs72,epochs73,epochs74,epochs75,epochs76,epochs77,epochs78,epochs79,epochs80,epochs81,epochs82,epochs83,epochs84,epochs85,Alltime
0,23.05439918461968,30.019320249557495,23.651919841766357,23.846233129501343,23.48871946334839,23.302582263946533,23.41480851173401,23.02654767036438,23.107962369918823,23.148816347122192,23.667309999465942,22.930554151535034,23.092360734939575,23.061691522598267,23.04376745223999,22.813310861587524,23.079809427261353,22.97800612449646,22.95043420791626,23.06155800819397,23.04907751083374,22.75591468811035,23.130614757537842,23.0172917842865,23.006582260131836,23.081566095352173,22.79553771018982,23.012003421783447,23.18521237373352,22.992456912994385,22.851608276367188,22.94187068939209,22.880345106124878,22.8488290309906,22.80379867553711,23.099937438964844,22.902729034423828,22.74933671951294,22.963181972503662,22.88594079017639,22.75860095024109,22.95337200164795,22.740521669387817,23.024720668792725,22.985268354415894,22.98910927772522,22.793797969818115,22.939729928970337,22.89931321144104,22.778984785079956,22.724870920181274,22.983541250228882,22.76669692993164,22.979491233825684,22.68955397605896,22.87151789665222,22.83418035507202,22.815372705459595,22.974581718444824,22.590769052505493,22.801769018173218,22.83714747428894,22.965447425842285,22.68109130859375,22.999701499938965,23.18617868423462,23.013802528381348,23.091312646865845,22.98705816268921,22.823789358139038,22.838903665542603,23.06594157218933,22.827770471572876,22.960667848587036,22.86388921737671,22.81689739227295,22.796910047531128,22.9618923664093,23.060290098190308,23.240617036819458,22.769108772277832,22.866889476776123,22.98753070831299,22.74811625480652,22.77855372428894,22.919111490249634,1960.1915786266327
