,mean,epochs1,epochs2,epochs3,epochs4,epochs5,epochs6,epochs7,epochs8,epochs9,epochs10,epochs11,epochs12,epochs13,epochs14,epochs15,epochs16,epochs17,epochs18,epochs19,epochs20,epochs21,epochs22,epochs23,epochs24,epochs25,epochs26,epochs27,epochs28,epochs29,epochs30,epochs31,epochs32,epochs33,epochs34,epochs35,epochs36,epochs37,epochs38,epochs39,epochs40,epochs41,epochs42,epochs43,epochs44,epochs45,epochs46,epochs47,epochs48,epochs49,epochs50,epochs51,epochs52,epochs53,Alltime
0,3.2148470473739335,8.874871492385864,2.9547035694122314,2.9180853366851807,2.9533517360687256,2.939671754837036,3.0603511333465576,3.1452720165252686,3.059673309326172,3.023688793182373,2.994992733001709,2.980463981628418,3.1394221782684326,2.9749717712402344,3.0369460582733154,3.0745911598205566,3.0653750896453857,3.0075981616973877,3.108027935028076,3.111865758895874,3.0473318099975586,3.1515283584594727,3.1434943675994873,3.1619210243225098,3.1381280422210693,3.1556315422058105,3.1122546195983887,3.077516794204712,3.171048164367676,3.141200304031372,3.0834264755249023,3.0498416423797607,2.9791886806488037,3.0070154666900635,3.624790668487549,3.4506587982177734,3.492488384246826,3.751107931137085,3.51650333404541,3.3118674755096436,3.102710247039795,2.9930288791656494,2.8271992206573486,3.042165756225586,2.961667776107788,3.0788943767547607,3.0706353187561035,3.02156925201416,3.059441328048706,3.078047513961792,3.0127408504486084,3.050473213195801,3.074984073638916,3.022467851638794,170.8050320148468
