,mean,epochs1,epochs2,epochs3,epochs4,epochs5,epochs6,epochs7,epochs8,epochs9,epochs10,epochs11,epochs12,epochs13,epochs14,epochs15,epochs16,epochs17,epochs18,epochs19,epochs20,epochs21,epochs22,epochs23,epochs24,epochs25,epochs26,epochs27,epochs28,epochs29,epochs30,epochs31,Alltime
0,3.3394342391721663,9.464331865310669,3.1423556804656982,2.9875595569610596,3.080860137939453,2.980342149734497,3.064424753189087,3.0304644107818604,2.998241662979126,2.94561767578125,2.9642510414123535,3.0564873218536377,3.0990729331970215,2.9956109523773193,3.1051599979400635,3.013659715652466,3.0447375774383545,3.0563442707061768,3.014679431915283,3.087545871734619,3.386415719985962,3.4759232997894287,3.553910255432129,3.5368216037750244,3.3320131301879883,3.5752975940704346,3.3213634490966797,3.032837390899658,3.0111606121063232,3.0321335792541504,3.0750892162323,3.057748556137085,103.78477382659912
