,mean,epochs1,epochs2,epochs3,epochs4,epochs5,epochs6,epochs7,epochs8,epochs9,epochs10,epochs11,epochs12,epochs13,epochs14,epochs15,epochs16,epochs17,epochs18,epochs19,epochs20,epochs21,epochs22,epochs23,epochs24,epochs25,epochs26,epochs27,epochs28,epochs29,epochs30,epochs31,epochs32,epochs33,epochs34,epochs35,epochs36,epochs37,epochs38,epochs39,epochs40,epochs41,epochs42,epochs43,epochs44,epochs45,epochs46,epochs47,epochs48,epochs49,epochs50,epochs51,epochs52,Alltime
0,23.690443364473488,30.37167525291443,23.287472009658813,23.34048318862915,24.227017164230347,24.180042266845703,24.299050092697144,23.604325532913208,23.613583087921143,23.881033897399902,23.553970336914062,23.38431453704834,23.82604694366455,23.20272207260132,23.488773584365845,23.126420974731445,23.58715033531189,24.041298866271973,23.75928807258606,22.989704608917236,24.10068130493164,23.68865990638733,23.634899616241455,23.845794439315796,23.718363761901855,23.352429389953613,23.655813694000244,23.2931067943573,23.657289028167725,24.29723620414734,23.461735248565674,23.217676162719727,23.924772024154663,23.045724630355835,23.13147521018982,23.453675270080566,23.224132299423218,23.58238911628723,23.15675401687622,23.511133193969727,24.17170238494873,23.731505155563354,23.4212007522583,24.105321884155273,23.243029594421387,23.232999563217163,23.529179096221924,23.123197078704834,23.4236056804657,23.21787452697754,23.489154815673828,23.367299556732178,23.128870725631714,1232.3564562797546
