,mean,epochs1,epochs2,epochs3,epochs4,epochs5,epochs6,epochs7,epochs8,epochs9,epochs10,epochs11,epochs12,epochs13,epochs14,epochs15,epochs16,epochs17,epochs18,epochs19,epochs20,epochs21,epochs22,epochs23,epochs24,epochs25,epochs26,epochs27,epochs28,epochs29,epochs30,epochs31,Alltime
0,3.269900321960449,10.164137125015259,3.056429147720337,3.4418838024139404,3.129707098007202,3.0063703060150146,3.099954843521118,2.968510866165161,3.050910472869873,3.0606515407562256,2.914414644241333,3.0535643100738525,2.9962375164031982,3.0356996059417725,3.0496597290039062,2.995570421218872,3.067910671234131,3.0442137718200684,3.053241729736328,3.0347509384155273,3.0834696292877197,3.0502562522888184,3.0080599784851074,2.886361598968506,2.857072591781616,3.0040462017059326,3.0496177673339844,3.055086135864258,3.034482479095459,3.043614625930786,3.079655647277832,2.991368532180786,101.63992142677307
