,mean,epochs1,epochs2,epochs3,epochs4,epochs5,epochs6,epochs7,epochs8,epochs9,epochs10,epochs11,epochs12,epochs13,epochs14,epochs15,epochs16,epochs17,epochs18,epochs19,epochs20,epochs21,epochs22,epochs23,epochs24,epochs25,epochs26,epochs27,epochs28,epochs29,epochs30,epochs31,Alltime
0,3.1819183595718874,9.46640944480896,2.8627126216888428,2.886727809906006,2.890221357345581,2.9356634616851807,2.9915099143981934,2.8988490104675293,3.002253770828247,2.877535343170166,3.0611672401428223,3.062666416168213,2.9202771186828613,3.0063705444335938,2.936995506286621,3.0145888328552246,2.9644968509674072,2.8944203853607178,3.002549409866333,2.865553140640259,3.001194953918457,2.9854483604431152,3.039055824279785,2.9318675994873047,2.9752893447875977,3.0314464569091797,2.9937384128570557,2.9496359825134277,2.9819862842559814,3.010160446166992,3.1016876697540283,3.096989631652832,98.8901059627533
