,mean,epochs1,epochs2,epochs3,epochs4,epochs5,epochs6,epochs7,epochs8,epochs9,epochs10,epochs11,epochs12,epochs13,epochs14,epochs15,epochs16,epochs17,epochs18,epochs19,epochs20,epochs21,epochs22,epochs23,epochs24,epochs25,epochs26,epochs27,epochs28,epochs29,epochs30,epochs31,epochs32,epochs33,epochs34,epochs35,epochs36,epochs37,epochs38,epochs39,epochs40,epochs41,epochs42,epochs43,epochs44,epochs45,epochs46,epochs47,epochs48,epochs49,epochs50,epochs51,epochs52,epochs53,epochs54,epochs55,epochs56,epochs57,epochs58,Alltime
0,23.35608852320704,29.584020853042603,23.504530906677246,23.918288469314575,23.85076117515564,23.82348871231079,23.596292734146118,23.380934476852417,23.272351264953613,23.467906713485718,23.505601167678833,23.29341220855713,23.678529739379883,23.444203853607178,23.701568603515625,23.227884769439697,23.17502522468567,22.99683403968811,23.14903426170349,23.215262413024902,23.006067037582397,23.174993753433228,23.13142967224121,23.187898635864258,23.012949228286743,23.132694244384766,23.215588569641113,23.28034734725952,23.304651021957397,23.208537578582764,22.955301761627197,23.288803815841675,22.985174655914307,23.299148082733154,23.22635579109192,23.130372285842896,23.229490995407104,23.031904697418213,23.113380670547485,23.25508999824524,23.1987783908844,23.30628275871277,23.196009874343872,23.42842721939087,22.99119734764099,22.93983244895935,23.42909598350525,22.950401544570923,23.030487537384033,23.093027591705322,23.242997646331787,23.17460322380066,23.170795679092407,23.108127117156982,22.875141620635986,23.17603325843811,23.166868925094604,22.962265968322754,23.256648778915405,1355.024167060852
