,mean,epochs1,epochs2,epochs3,epochs4,epochs5,epochs6,epochs7,epochs8,epochs9,epochs10,epochs11,epochs12,epochs13,epochs14,epochs15,epochs16,epochs17,epochs18,epochs19,epochs20,epochs21,epochs22,epochs23,epochs24,epochs25,epochs26,epochs27,epochs28,epochs29,epochs30,epochs31,Alltime
0,3.3699587237450386,13.024315595626831,2.8432776927948,2.824723958969116,2.8572518825531006,2.852264881134033,3.060746669769287,3.113389253616333,2.8941047191619873,3.066221237182617,3.228212833404541,3.2233211994171143,3.2800979614257812,3.3441126346588135,3.8088650703430176,3.5119924545288086,3.1364526748657227,2.9608912467956543,3.043689489364624,2.960925817489624,2.9448816776275635,2.976018190383911,2.924600839614868,2.8931658267974854,2.8837108612060547,3.0479989051818848,2.9876513481140137,3.0205280780792236,2.907750129699707,2.980910062789917,2.986086368560791,2.880560874938965,104.73383069038391
