,mean,epochs1,epochs2,epochs3,epochs4,epochs5,epochs6,epochs7,epochs8,epochs9,epochs10,epochs11,epochs12,epochs13,epochs14,epochs15,epochs16,epochs17,epochs18,epochs19,epochs20,epochs21,epochs22,epochs23,epochs24,epochs25,epochs26,epochs27,epochs28,epochs29,epochs30,epochs31,Alltime
0,3.168141926488569,8.757601022720337,2.7765796184539795,2.9086086750030518,2.7814531326293945,2.8911054134368896,2.9076955318450928,3.1146435737609863,2.9146595001220703,2.971778154373169,2.8983469009399414,2.9581894874572754,2.9945268630981445,3.029747486114502,3.04929518699646,2.988020181655884,3.010878801345825,2.9795119762420654,2.89774227142334,2.9985055923461914,2.8443360328674316,3.0094118118286133,3.002112865447998,2.925056219100952,3.000978469848633,2.9592432975769043,2.951406955718994,2.972372055053711,2.9954991340637207,2.9136688709259033,3.4378280639648438,3.371596574783325,98.47300434112549
