,mean,epochs1,epochs2,epochs3,epochs4,epochs5,epochs6,epochs7,epochs8,epochs9,epochs10,epochs11,epochs12,epochs13,epochs14,epochs15,epochs16,epochs17,epochs18,epochs19,epochs20,epochs21,epochs22,epochs23,epochs24,epochs25,epochs26,epochs27,epochs28,epochs29,epochs30,epochs31,epochs32,epochs33,epochs34,epochs35,epochs36,epochs37,epochs38,epochs39,epochs40,epochs41,epochs42,epochs43,epochs44,epochs45,epochs46,epochs47,Alltime
0,23.566428849037656,30.535961627960205,23.83199954032898,23.921103477478027,24.455432415008545,23.746440410614014,23.948542594909668,24.014185667037964,23.694534063339233,23.071614742279053,23.2978196144104,23.282280921936035,23.412396669387817,24.62606692314148,23.398563623428345,23.276228427886963,24.130112409591675,23.406455039978027,23.32538938522339,23.60981321334839,23.024147272109985,23.257330894470215,23.16508960723877,23.4752516746521,23.935445308685303,22.889012575149536,23.127942085266113,23.392064332962036,22.98163866996765,23.63438081741333,22.785589456558228,23.050498247146606,23.201771020889282,23.125303506851196,23.63401198387146,23.150771141052246,23.119428396224976,23.48139762878418,23.08439326286316,23.50147557258606,23.150036096572876,23.009599208831787,23.1825270652771,22.8499014377594,23.853225231170654,23.133543014526367,23.19996929168701,23.241470336914062,1107.9516341686249
