,mean,epochs1,epochs2,epochs3,epochs4,epochs5,epochs6,epochs7,epochs8,epochs9,epochs10,epochs11,epochs12,epochs13,epochs14,epochs15,epochs16,epochs17,epochs18,epochs19,epochs20,epochs21,epochs22,epochs23,epochs24,epochs25,epochs26,epochs27,epochs28,epochs29,epochs30,epochs31,Alltime
0,3.2328671793783865,9.15879487991333,2.894273281097412,2.894556760787964,2.8859894275665283,2.9830422401428223,3.0897233486175537,2.92637038230896,2.9235591888427734,2.883383274078369,2.962723731994629,2.8500406742095947,2.87640643119812,2.8973281383514404,3.0781893730163574,3.0954360961914062,2.9950404167175293,2.9437856674194336,3.0264947414398193,2.981790542602539,3.367680788040161,3.413811445236206,3.3281872272491455,3.3634231090545654,3.3177590370178223,3.3842556476593018,3.000490188598633,2.8989648818969727,2.9687371253967285,2.9477083683013916,2.9170444011688232,2.9638917446136475,100.47204494476318
