,mean,epochs1,epochs2,epochs3,epochs4,epochs5,epochs6,epochs7,epochs8,epochs9,epochs10,epochs11,epochs12,epochs13,epochs14,epochs15,epochs16,epochs17,epochs18,epochs19,epochs20,epochs21,epochs22,epochs23,epochs24,epochs25,epochs26,epochs27,epochs28,epochs29,epochs30,epochs31,epochs32,epochs33,epochs34,epochs35,epochs36,epochs37,epochs38,epochs39,epochs40,epochs41,epochs42,epochs43,epochs44,epochs45,epochs46,epochs47,epochs48,epochs49,epochs50,epochs51,epochs52,epochs53,epochs54,epochs55,epochs56,epochs57,epochs58,epochs59,epochs60,epochs61,epochs62,epochs63,epochs64,epochs65,epochs66,epochs67,epochs68,epochs69,epochs70,epochs71,epochs72,epochs73,epochs74,epochs75,epochs76,Alltime
0,30.69248788607748,30.419729709625244,23.81969428062439,23.584936141967773,23.681781768798828,23.64026379585266,23.437150955200195,23.213287115097046,23.086079120635986,23.240171909332275,23.39833688735962,23.0080406665802,22.8290274143219,23.239691257476807,23.188758373260498,22.956506490707397,23.0669207572937,23.25032067298889,23.096717596054077,22.92184567451477,22.85111141204834,23.311928033828735,23.182477474212646,22.88653326034546,23.145158767700195,23.196552753448486,23.06252121925354,22.920418977737427,22.815705060958862,23.053958892822266,22.94196367263794,23.04995322227478,23.06545925140381,22.859583139419556,22.949806213378906,23.022836923599243,22.80071759223938,22.80589509010315,22.87873363494873,23.032684803009033,22.864927768707275,23.113457918167114,23.145280599594116,22.725486278533936,30.57808494567871,40.85538840293884,41.39947438240051,41.4156539440155,41.40751910209656,41.486652135849,41.8538818359375,41.82044506072998,33.25909972190857,37.79279017448425,41.55273365974426,41.589229583740234,41.75503849983215,41.740713596343994,41.86550831794739,41.96435832977295,41.35817265510559,30.69321060180664,41.826788663864136,41.52320671081543,41.95756411552429,41.9406316280365,42.279003620147705,41.942299127578735,42.01385307312012,29.929577350616455,41.7103590965271,41.976569414138794,41.978376150131226,42.162625789642334,41.88255739212036,42.34274339675903,42.012556314468384,2333.568848133087
