,mean,epochs1,epochs2,epochs3,epochs4,epochs5,epochs6,epochs7,epochs8,epochs9,epochs10,epochs11,epochs12,epochs13,epochs14,epochs15,epochs16,epochs17,epochs18,epochs19,epochs20,epochs21,epochs22,epochs23,epochs24,epochs25,epochs26,epochs27,epochs28,epochs29,epochs30,epochs31,epochs32,epochs33,epochs34,epochs35,epochs36,epochs37,epochs38,epochs39,epochs40,epochs41,epochs42,epochs43,epochs44,epochs45,Alltime
0,3.156675518883599,9.00043249130249,2.8378255367279053,2.9871578216552734,3.0181679725646973,3.0480287075042725,2.8768601417541504,2.9960811138153076,2.881692409515381,2.9629507064819336,2.946443557739258,3.0350871086120605,2.9522335529327393,2.957420825958252,2.9517860412597656,3.0916874408721924,2.985194683074951,2.9744045734405518,2.8936564922332764,3.003321409225464,2.995236873626709,2.9881649017333984,2.9326090812683105,2.9700944423675537,2.9855403900146484,2.9775032997131348,2.8837790489196777,2.9314420223236084,2.9051527976989746,3.009127140045166,3.024600028991699,2.893673896789551,2.984502077102661,3.001922607421875,3.4202561378479004,3.270655393600464,3.4133150577545166,3.3026516437530518,3.6127102375030518,2.923574686050415,3.3483262062072754,2.8740739822387695,3.024470090866089,2.959681510925293,2.981598377227783,3.035303831100464,142.42176032066345
