,mean,epochs1,epochs2,epochs3,epochs4,epochs5,epochs6,epochs7,epochs8,epochs9,epochs10,epochs11,epochs12,epochs13,epochs14,epochs15,epochs16,epochs17,epochs18,epochs19,epochs20,epochs21,epochs22,epochs23,epochs24,epochs25,epochs26,epochs27,epochs28,epochs29,epochs30,epochs31,epochs32,epochs33,epochs34,epochs35,epochs36,epochs37,Alltime
0,3.261336275049158,8.779523611068726,2.986403465270996,3.0727570056915283,3.0914275646209717,3.0943291187286377,2.9830915927886963,3.066037654876709,3.2388150691986084,3.041231155395508,3.168938398361206,3.172686815261841,2.9908506870269775,3.165414810180664,3.063797950744629,3.0304553508758545,2.940121650695801,2.937368631362915,3.0459470748901367,3.1049466133117676,2.973299264907837,3.079000473022461,2.9927515983581543,3.067744493484497,2.9162092208862305,3.061957359313965,2.916907548904419,3.011704206466675,3.471358299255371,3.4063174724578857,3.381467580795288,3.5427069664001465,3.4234187602996826,3.4544386863708496,3.1374857425689697,3.0667529106140137,2.8765552043914795,2.91522216796875,120.96781611442566
