,mean,epochs1,epochs2,epochs3,epochs4,epochs5,epochs6,epochs7,epochs8,epochs9,epochs10,epochs11,epochs12,epochs13,epochs14,epochs15,epochs16,epochs17,epochs18,epochs19,epochs20,epochs21,epochs22,epochs23,epochs24,epochs25,epochs26,epochs27,epochs28,epochs29,epochs30,epochs31,epochs32,epochs33,epochs34,epochs35,epochs36,epochs37,epochs38,epochs39,epochs40,epochs41,epochs42,epochs43,epochs44,epochs45,epochs46,epochs47,epochs48,epochs49,epochs50,epochs51,epochs52,epochs53,epochs54,epochs55,epochs56,epochs57,epochs58,epochs59,epochs60,epochs61,epochs62,epochs63,epochs64,epochs65,epochs66,epochs67,epochs68,epochs69,epochs70,epochs71,epochs72,epochs73,epochs74,epochs75,epochs76,epochs77,epochs78,epochs79,epochs80,epochs81,epochs82,epochs83,epochs84,epochs85,epochs86,Alltime
0,24.033481706020442,29.431959629058838,24.173611164093018,26.314995288848877,25.693785667419434,25.291946172714233,26.21013069152832,25.927671670913696,24.780275106430054,26.36742401123047,26.754616022109985,25.96055841445923,25.803531169891357,26.329556465148926,25.458154439926147,25.915019512176514,26.14221501350403,25.906024932861328,25.7419593334198,25.33168864250183,24.70331311225891,24.80668544769287,25.526554822921753,25.391172409057617,25.232508182525635,24.647356510162354,25.48335289955139,25.344883680343628,25.131011724472046,25.16282558441162,25.70343255996704,24.944453716278076,25.384031057357788,25.061315059661865,25.973659992218018,25.39810037612915,24.679770708084106,22.85903525352478,22.814013957977295,22.925318717956543,23.02592420578003,22.8411967754364,23.093629360198975,22.898849964141846,22.90367603302002,22.98267364501953,22.920958757400513,22.97786593437195,22.984646797180176,22.835472106933594,22.967238903045654,22.918872117996216,22.75925350189209,22.871760368347168,22.950319290161133,22.86227059364319,22.944952726364136,22.858094453811646,22.835821866989136,22.89671516418457,22.934327363967896,22.828892946243286,22.860612630844116,23.107431411743164,22.87271738052368,22.81938147544861,22.846083164215088,22.946129322052002,22.84269690513611,22.75242257118225,22.814685821533203,23.018407344818115,22.78110146522522,22.868932723999023,22.868712902069092,22.935523986816406,22.71942949295044,22.77954339981079,22.85705018043518,22.998931646347046,22.80826234817505,22.843600273132324,22.838110208511353,22.78778862953186,22.782278776168823,22.941604375839233,23.386656284332275,2067.4544909000397
