,mean,epochs1,epochs2,epochs3,epochs4,epochs5,epochs6,epochs7,epochs8,epochs9,epochs10,epochs11,epochs12,epochs13,epochs14,epochs15,epochs16,epochs17,epochs18,epochs19,epochs20,epochs21,epochs22,epochs23,epochs24,epochs25,epochs26,epochs27,epochs28,epochs29,epochs30,epochs31,Alltime
0,3.29558914707553,9.219535112380981,2.9386165142059326,2.941328525543213,2.932614326477051,2.943584680557251,2.9397192001342773,2.9668118953704834,3.1962032318115234,2.907086133956909,3.045628309249878,2.8903377056121826,2.8279192447662354,3.008928060531616,3.0327794551849365,3.0293540954589844,3.0775463581085205,3.003244161605835,3.1166865825653076,2.9875409603118896,3.0280814170837402,3.3687362670898438,3.555208683013916,3.3086891174316406,3.4788358211517334,3.5829975605010986,3.504871368408203,3.1290183067321777,3.0607423782348633,3.026493787765503,3.049330711364746,3.064793586730957,102.42566967010498
