,mean,epochs1,epochs2,epochs3,epochs4,epochs5,epochs6,epochs7,epochs8,epochs9,epochs10,epochs11,epochs12,epochs13,epochs14,epochs15,epochs16,epochs17,epochs18,epochs19,epochs20,epochs21,epochs22,epochs23,epochs24,epochs25,epochs26,epochs27,epochs28,epochs29,epochs30,epochs31,epochs32,epochs33,epochs34,epochs35,epochs36,epochs37,epochs38,epochs39,epochs40,epochs41,epochs42,epochs43,epochs44,epochs45,epochs46,epochs47,epochs48,epochs49,epochs50,epochs51,epochs52,epochs53,epochs54,epochs55,epochs56,epochs57,epochs58,epochs59,epochs60,epochs61,epochs62,epochs63,epochs64,epochs65,epochs66,epochs67,epochs68,epochs69,epochs70,epochs71,epochs72,epochs73,epochs74,epochs75,epochs76,epochs77,epochs78,epochs79,epochs80,epochs81,epochs82,epochs83,epochs84,epochs85,epochs86,epochs87,epochs88,Alltime
0,23.500120864673093,30.874186038970947,24.262954473495483,24.04245662689209,23.962568998336792,23.995574951171875,23.747432470321655,23.689546585083008,23.715133905410767,23.62437081336975,23.619155645370483,23.345808506011963,23.530953645706177,23.490617275238037,23.4064359664917,23.48414707183838,23.512685537338257,23.350428819656372,23.448869943618774,23.570455074310303,23.419936656951904,23.32313823699951,23.475001573562622,23.221991777420044,23.58606457710266,23.566643476486206,23.401411533355713,23.48851180076599,23.50399374961853,23.511200189590454,23.38689374923706,23.44176435470581,23.569316625595093,23.531325817108154,23.4040744304657,23.42598271369934,23.45526099205017,23.47998857498169,23.410120487213135,23.37221908569336,23.49623703956604,23.336806535720825,23.56095576286316,23.245949506759644,23.536650896072388,23.36320734024048,23.28679585456848,23.259824991226196,23.60968279838562,23.24040961265564,23.226585149765015,23.424669981002808,23.29269528388977,23.162755966186523,23.459331035614014,23.401578664779663,23.431025981903076,23.296597957611084,23.508975505828857,23.246952772140503,23.36714744567871,23.36633801460266,23.40409564971924,23.422694444656372,23.18835425376892,23.215293407440186,23.273154973983765,23.30301833152771,23.26527714729309,23.179972648620605,23.261921405792236,23.300263166427612,23.387832403182983,23.174598693847656,23.198465585708618,23.4364070892334,23.195859909057617,23.25289797782898,23.329452753067017,23.22769594192505,23.165241718292236,23.236318349838257,23.27640461921692,23.218735456466675,23.310390949249268,23.212728023529053,23.233771800994873,23.215866804122925,23.35412573814392,2068.542726755142
