,mean,epochs1,epochs2,epochs3,epochs4,epochs5,epochs6,epochs7,epochs8,epochs9,epochs10,epochs11,epochs12,epochs13,epochs14,epochs15,epochs16,epochs17,epochs18,epochs19,epochs20,epochs21,epochs22,epochs23,epochs24,epochs25,epochs26,epochs27,epochs28,epochs29,epochs30,epochs31,epochs32,epochs33,epochs34,epochs35,epochs36,epochs37,epochs38,epochs39,epochs40,epochs41,epochs42,epochs43,epochs44,epochs45,epochs46,epochs47,epochs48,epochs49,epochs50,epochs51,epochs52,epochs53,epochs54,epochs55,Alltime
0,23.23307557972995,29.345009088516235,23.56575345993042,23.258302211761475,23.214397192001343,23.418763399124146,23.558655738830566,23.302522897720337,23.519315004348755,23.43988609313965,23.22286343574524,23.16389274597168,23.206964254379272,23.226405382156372,23.28196954727173,23.335794925689697,23.239885807037354,23.162150859832764,23.221475839614868,22.964176893234253,23.15693998336792,23.16542339324951,22.896344423294067,23.021753311157227,23.277360916137695,22.934504747390747,23.211479902267456,23.307798624038696,23.16136932373047,23.10902452468872,23.122309684753418,22.885693550109863,23.07077383995056,22.930153369903564,22.8816339969635,23.078681468963623,23.169305086135864,22.876917839050293,23.077757120132446,22.984492301940918,23.005369663238525,23.02434253692627,22.9621319770813,23.12767219543457,22.829274654388428,22.920624256134033,23.13586664199829,22.930772304534912,23.068451642990112,23.066086769104004,22.809934854507446,23.107027769088745,22.88315200805664,23.146147966384888,22.841667652130127,22.99273180961609,1278.1836760044098
