,mean,epochs1,epochs2,epochs3,epochs4,epochs5,epochs6,epochs7,epochs8,epochs9,epochs10,epochs11,epochs12,epochs13,epochs14,epochs15,epochs16,epochs17,epochs18,epochs19,epochs20,epochs21,epochs22,epochs23,epochs24,epochs25,epochs26,epochs27,epochs28,epochs29,epochs30,epochs31,epochs32,epochs33,epochs34,epochs35,epochs36,epochs37,epochs38,epochs39,epochs40,epochs41,epochs42,epochs43,epochs44,epochs45,epochs46,epochs47,epochs48,epochs49,epochs50,epochs51,epochs52,epochs53,epochs54,epochs55,epochs56,epochs57,epochs58,epochs59,epochs60,epochs61,epochs62,epochs63,epochs64,epochs65,epochs66,epochs67,epochs68,epochs69,epochs70,epochs71,epochs72,epochs73,epochs74,epochs75,epochs76,epochs77,epochs78,epochs79,Alltime
0,23.448874715008312,32.12422966957092,24.09579348564148,23.906501293182373,23.717822790145874,23.348339319229126,23.423097610473633,23.580219984054565,23.25353240966797,23.529831409454346,23.516348838806152,23.178138971328735,23.834059476852417,23.27136778831482,23.49424910545349,23.148058652877808,23.062453269958496,23.509957790374756,23.404338598251343,23.71505618095398,23.353700876235962,23.082260370254517,23.360402822494507,22.97027850151062,24.438433408737183,23.116790056228638,23.317443132400513,23.161343097686768,22.970475435256958,23.428277254104614,23.32911229133606,23.36121964454651,23.073713302612305,23.13124918937683,23.333190202713013,23.21647047996521,23.935540676116943,22.846566438674927,23.19555377960205,23.13948702812195,23.158350706100464,23.98078751564026,22.912819623947144,23.70530867576599,23.122709274291992,23.20595622062683,23.39113998413086,23.087605237960815,23.843891143798828,23.09158730506897,23.151792526245117,23.136858701705933,23.207351446151733,23.309791326522827,22.915030479431152,24.15123963356018,23.15567445755005,23.278507232666016,22.972159385681152,23.03988528251648,23.205997705459595,23.149065494537354,23.37378692626953,22.907615661621094,24.717055320739746,22.943198919296265,22.937663555145264,22.935943841934204,23.021069288253784,23.318920135498047,23.22106122970581,24.565332889556885,22.975085973739624,22.989410161972046,22.925538539886475,23.343528985977173,23.26686143875122,22.84937286376953,24.195566177368164,22.925676584243774,1852.9947254657745
