,mean,epochs1,epochs2,epochs3,epochs4,epochs5,epochs6,epochs7,epochs8,epochs9,epochs10,epochs11,epochs12,epochs13,epochs14,epochs15,epochs16,epochs17,epochs18,epochs19,epochs20,epochs21,epochs22,epochs23,epochs24,epochs25,epochs26,epochs27,epochs28,epochs29,epochs30,epochs31,Alltime
0,3.2051207096345964,8.704618453979492,2.95212721824646,2.891362428665161,3.0060207843780518,3.1802375316619873,2.9890027046203613,3.1042943000793457,2.982262372970581,2.959085702896118,3.0367255210876465,2.997795343399048,3.103414297103882,3.100231647491455,3.1165709495544434,3.0790395736694336,3.0827150344848633,3.0789847373962402,3.0768256187438965,2.9162871837615967,2.8903918266296387,2.988041877746582,2.9906649589538574,3.027332067489624,3.0126430988311768,3.049760341644287,3.0075714588165283,3.0616681575775146,3.0872912406921387,2.9832358360290527,3.0300819873809814,2.87245774269104,99.59905743598938
