,mean,epochs1,epochs2,epochs3,epochs4,epochs5,epochs6,epochs7,epochs8,epochs9,epochs10,epochs11,epochs12,epochs13,epochs14,epochs15,epochs16,epochs17,epochs18,epochs19,epochs20,epochs21,epochs22,epochs23,epochs24,epochs25,epochs26,epochs27,epochs28,epochs29,epochs30,epochs31,epochs32,epochs33,epochs34,epochs35,epochs36,epochs37,epochs38,epochs39,epochs40,epochs41,epochs42,epochs43,epochs44,epochs45,epochs46,epochs47,epochs48,epochs49,epochs50,epochs51,epochs52,epochs53,epochs54,epochs55,epochs56,epochs57,epochs58,epochs59,epochs60,epochs61,epochs62,epochs63,epochs64,epochs65,epochs66,Alltime
0,41.134227113290265,39.48037767410278,43.62786412239075,43.46684670448303,43.61053228378296,43.34742760658264,43.62488794326782,43.23147678375244,40.494507789611816,36.335678577423096,42.99121165275574,43.11958622932434,43.34370040893555,43.108720779418945,42.98868417739868,42.92405676841736,33.69847059249878,34.09791421890259,42.72904133796692,43.0949432849884,43.1178503036499,43.248708963394165,42.98202300071716,42.91162633895874,41.54618954658508,28.579822778701782,42.834097385406494,43.065669775009155,43.055492639541626,42.88513970375061,43.15425705909729,42.756603956222534,42.75562238693237,27.785958766937256,42.242573499679565,42.98533844947815,43.05583310127258,43.05825901031494,43.101027488708496,42.91327261924744,43.1990110874176,31.29332447052002,38.45570945739746,43.33904433250427,43.00616192817688,42.739415645599365,42.82468819618225,42.9499032497406,43.2861225605011,36.90647792816162,31.497945308685303,42.93889927864075,43.151655197143555,43.1186466217041,43.207096576690674,43.101221799850464,43.38864803314209,42.64198589324951,25.138580799102783,43.065370321273804,43.29106402397156,43.34712314605713,43.28667116165161,42.9406213760376,43.0425865650177,43.086652994155884,29.263065814971924,2716.2625966072083
