,mean,epochs1,epochs2,epochs3,epochs4,epochs5,epochs6,epochs7,epochs8,epochs9,epochs10,epochs11,epochs12,epochs13,epochs14,epochs15,epochs16,epochs17,epochs18,epochs19,epochs20,epochs21,epochs22,epochs23,epochs24,epochs25,epochs26,epochs27,epochs28,epochs29,epochs30,epochs31,epochs32,epochs33,epochs34,Alltime
0,3.129031216397005,8.708517074584961,2.8817412853240967,2.8732974529266357,2.955669641494751,2.8760578632354736,2.8958072662353516,3.02445125579834,2.9559199810028076,3.0077879428863525,2.9237539768218994,3.0169668197631836,3.0164194107055664,2.993445634841919,2.8505454063415527,2.8791890144348145,2.9538962841033936,2.9845993518829346,2.953841209411621,2.9909582138061523,3.0003931522369385,2.985675811767578,2.991698741912842,2.946993827819824,3.0069379806518555,2.952932596206665,2.9786620140075684,3.014484405517578,2.9408152103424072,2.97761607170105,2.9861366748809814,2.9110589027404785,2.943063735961914,2.9654886722564697,3.042238473892212,106.65070462226868
