,mean,epochs1,epochs2,epochs3,epochs4,epochs5,epochs6,epochs7,epochs8,epochs9,epochs10,epochs11,epochs12,epochs13,epochs14,epochs15,epochs16,epochs17,epochs18,epochs19,epochs20,epochs21,epochs22,epochs23,epochs24,epochs25,epochs26,epochs27,epochs28,epochs29,epochs30,epochs31,epochs32,Alltime
0,3.249829441308975,9.09223985671997,2.9709830284118652,2.9389045238494873,2.901118278503418,2.9172801971435547,2.953390121459961,2.920478343963623,2.961799144744873,3.0206820964813232,3.0081591606140137,2.9170432090759277,3.0089125633239746,3.0478949546813965,3.1248254776000977,3.136124849319458,3.0161292552948,2.9906792640686035,3.025634288787842,2.89858341217041,3.0549521446228027,2.9397904872894287,2.9680206775665283,2.9724998474121094,2.998025894165039,3.0162343978881836,3.112278461456299,3.016982078552246,3.262850522994995,3.4386556148529053,3.421372890472412,3.526047945022583,3.415969133377075,104.25623965263367
